,text,user,location
0, Ακριβώς αυτό που μας έλειπε. Από το Science ,xrisolora,"Athens, Greece"
1," Να μην είστε κοπάδι. Όταν ακούτε ""σήμερα έχουμε Χ κρούσματα"" από τα #ΜΜΕ,  κάντε μια επίσκεψη στη σελίδα …",Spartakos_Thess,"Θεσσαλονίκη, Ελλάς"
2,"Να μην είστε κοπάδι. Όταν ακούτε ""σήμερα έχουμε Χ κρούσματα"" από τα #ΜΜΕ,  κάντε μια επίσκεψη στη σελίδα… ",KonKarageorgiou,Greece
3,Τροφή για σκέψη και αναζήτηση της Πραγματικότητας. Είναι ότι φαίνεται; #coronavirus #COVID19 ,symsoum2,
4,Και επειδή πολύ συχνά τώρα τελευταία μας έρχεται ως παράδειγμα τ Ισραήλ από κάποιους  ας δούμε το επίσημο ανακοινωθ… ,1_1_9,ΕΛΛΑΣ-HELLAS-ЕЛЛАС
5,  Για πες μου τα συμπερασματα σου και σκέψου κάτι αν θα υπήρρχαβ εθελοντές για μι… ,Karavanapalia1,
6,Ο αριθμός των κρουσμάτων έχει να κάνει με τα Τεστ! Όσο πιο πολλά τεστ τόσο πιο πολλά κρούσματα και τούμπαλιν! Δυστυ… ,ellada_fix,
7,"Πάνω από 112,6 εκ. τα κρούσματα COVID-19 διεθνώς #World #coronavirus ",briefcy,Cyprus
8,Εδώ μπορείτε να κάνετε δωρεάν rapid test την Τετάρτη 24/2 #Cyprus #coronavirus ,briefcy,Cyprus
9,Κομισιόν: Ο στόχος του 70% θα επιτευχθεί #EU #coronavirus #Astrazeneca ,briefcy,Cyprus
10,  Πως να κολλήσεις κάτι  που δεν έχεις σε αλλον; Και επίσης  ,goufay,"korydallos,Greece"
11, νέο #lockdown: Πώς και γιατί «μαγείρεψαν» τα νούμερα των κρουσμάτων.#κανονικοτητα#ΙατρικηΔικτατορια#…,VAR19339148,
12,Κορωνοϊός: Σφίγγει ο κλοιός για την Αττική - Ποιες περιοχές σηκώνουν το βαρύ φορτίο; #COVID19 #COVID19gr… ,TomorrowNEWS4,"Attiki, Greece"
13,"Εμβολιάστηκε εκτός σειράς ο Περιφερειάρχης Νοτίου Αιγαίου, Χατζημάρκος (video) ΑΝ ΕΙΣΑΙ ΚΑΙ ΠΑΠΑΣ ΜΕ ΤΗΝ ΑΡΑΔΑ ΣΟΥ… ",kostisbitsios,Greece
14," Δείτε πρώτα ποιός υπογράφει την αφίσα και χέστε κατάμουτρα το CDC και τους ντόπιους ""επίδοξους CDCδες""...…",mel75801,
15,"Δείτε πρώτα ποιός υπογράφει την αφίσα και χέστε κατάμουτρα το CDC και τους ντόπιους ""επίδοξους CDCδες""...… ",StavrosKyriazis,
16,"Ξεστραβωθείτε εδώ, οι αγράμματοι... ",StavrosKyriazis,
17,"  Άλλωστε, χέστηκα τι λέει ο κάθε Fauci! Ξεστραβωθείτε εδώ, οι αγράμματοι...… ",StavrosKyriazis,
18, Ακριβώς αυτό που μας έλειπε. Από το Science ,AKaragkounis,"Κεντρική Μακεδονία, GR"
19,"Μέσα σε μία εβδομάδα, από 16/2 μέχρι και σήμερα 23/2, καταγράφηκαν 743  κρούσματα κορωνοϊού σε άτομα ηλικίας μέχρι… ",til_kountouris,"Athens, Greece"
20,Συνεχίζουμε δυναμικά. ,JeanCloudKriket,"Athens, Greece"
21, Ακριβώς αυτό που μας έλειπε. Από το Science ,ProkopisDoukas,"Athens, Greece"
22, Ακριβώς αυτό που μας έλειπε. Από το Science ,KarmaKatna,
23,Ακριβώς αυτό που μας έλειπε. Από το Science ,kgiannakidis,"Athens, Greece"
24," Όσο η δική μας Επιτροπή ονειρεύεται ανοικτά #σχολεια ""ως πρώτη προτεραιότητα"", μια νέα επικίνδυνη μετάλλαξη από την Καλ…",vicky_dritsoula,
25,"    Και για να σου αποδείξω ότι ενημερώνεσαι από ""πηγές της πλάκας"".… ",StavrosKyriazis,
26,"Οι Βρετανοί έχουν και αυτοί το δικό τους σύστημα εποπτείας για τις παρενέργειες εμβολίων, μέσα από το εθνικό σύστημ… ",Dietis_Lab_UCY,Cyprus
27,"    Σίγουρο δεν είναι τίποτα, προφανώς. ",chaosembryo,Ελλάς
28," Όσο η δική μας Επιτροπή ονειρεύεται ανοικτά #σχολεια ""ως πρώτη προτεραιότητα"", μια νέα επικίνδυνη μετάλλαξη από την Καλ…",dr_Gr_House,Greece
29,"Όσο η δική μας Επιτροπή ονειρεύεται ανοικτά #σχολεια ""ως πρώτη προτεραιότητα"", μια νέα επικίνδυνη μετάλλαξη από την… ",GeorgiosMatsos,Greece
30," ~The plot thickens~Από εκεί που η ΕΕ ανάμενε 180 εκατομμύρια δόσεις από την AstraZeneca στο δεύτερο τρίμηνο του έτους, εκπρ…",mystirios70,Θεσσαλονίκη μάλλον...
31, ΜΟΝΟ ΜΕ ΠΙΣΤΟΠΟΙΗΤΙΚΟ ΕΜΒΟΛΙΑΣΜΟΥ Η ΕΙΣΟΔΟΣ ΣΕ ΕΣΤΙΑΤΟΡΙΑ ΚΑΙ ΜΠΑΡ ΠΡΟΤΕΙΝΟΥΝ ΟΙ ΕΣΤΙΑΤΟΡΕΣ ΣΤΗΝ ΕΛΒΕΤΙΑ   #Covid_19 #COV…,PANGKAKISTOS,
32,~The plot thickens~Από εκεί που η ΕΕ ανάμενε 180 εκατομμύρια δόσεις από την AstraZeneca στο δεύτερο τρίμηνο του έτ… ,goranitis,
33, Πως να κολλήσεις κάτι  που δεν έχεις σε αλλον; Και επίσης  ,EviEvakii,Greece - New York
34, Ώπα έχουμε νικητή ...!!!! #coronavirus #Covid_19 ,WPuKA0gpQfbx12F,"Αίγιο, Ελλάς"
35, Ώπα έχουμε νικητή ...!!!! #coronavirus #Covid_19 ,_stevie,
36,Δεκαέξι νέα περιστατικά κορωνοϊού ανακοινώθηκαν στα κατεχόμενα #coronavirus ,briefcy,Cyprus
37,"O κωδικός για τα ψώνια θα σου επιτρέπει να είσαι έξω για τρεις ώρες. Αν έχεις 2  κινητά, τις κάνεις 6.Κολλάς και έ… ",SDXZV,HⲈRⲈⲦICⲀ FILOSOFIⲀ 
38,Rapid tests (23/2): Που εντοπίστηκαν τα 83 περιστατικά (ΠΙΝΑΚΑΣ) #Cyprus #coronavirus ,briefcy,Cyprus
39,"Η  ανακοίνωσε ότι ζήτησε από 6 χώρες μέλη (Βέλγιο, Γερμανία κ.α.), να δώσουν εξηγήσεις εντός 10 ημερώ… ",amna_news,"Athens, Greece"
40,Κύπρος: Στους 78 οι νοσηλευόμενοι με κορωνοϊό / Σοβαρά οι 25 #Cyprus #coronavirus ,briefcy,Cyprus
41,Γνωρίζει κάποιος γιατί επιτρέπεται να παίζει κάποιος padel με τέσσερις παίκτες αλλά όχι κάποιο άλλο άθλημα; #coronavirus,zoubermann,
42,Ο κορωνοϊός είναι μια ακόμη «υπενθύμιση» του ρατσισμού που χαρακτηρίζει το υγειονομικό σύστημα των ΗΠΑ  #κορωνοϊος… ,bankingnewsgr,"Athens, Greece"
43,"Κύπρος / Κορωνοϊός (23/2): 176 νέα κρούσματα από 27,762 τεστ #Cyprus #coronavirus ",briefcy,Cyprus
44,  Η μόνη χώρα που τα πάει άψογα είναι η Βρετανία και η Ρωσία που παράγουν εμβόλια.Ούτε η… ,SotirisSakkas,"London, England"
45, 20 ΚΡΟΥΣΜΑΤΑ ΣΕ ΙΩΑΝΝΙΝΑ 8 ΣΤΗΝ ΠΡΕΒΕΖΑ ΓΡΑΨΑΝΕ ΤΑ ΜΕΤΡΑ ΣΤΑ ΠΑΠΑΡΙΑ ΤΟΥΣ...ΚΑΙ ΤΩΡΑ ΑΡΧΙΖΟΥΝ ΤΑ ΟΡΓΑΝΑ   #Covid_19 #C…,PANGKAKISTOS,
46,"#Ιταλία 🇮🇹#Covid_19 : 13.314 νέα κρούσματα, 356 θάνατοι Τρίτο κύμα της πανδημίας στη #Μπρέσια… ",amna_news,"Athens, Greece"
47,Έκρηξη κρουσμάτων - Αυξάνεται η πίεση στο #ΕΣΥ #κρουσματα #κορονοϊός #coronavirus #COVID19 #Covid_19 ,smaniatis1,"Gerakas, Athens, Greece"
48,20 ΚΡΟΥΣΜΑΤΑ ΣΕ ΙΩΑΝΝΙΝΑ 8 ΣΤΗΝ ΠΡΕΒΕΖΑ ΓΡΑΨΑΝΕ ΤΑ ΜΕΤΡΑ ΣΤΑ ΠΑΠΑΡΙΑ ΤΟΥΣ...ΚΑΙ ΤΩΡΑ ΑΡΧΙΖΟΥΝ ΤΑ ΟΡΓΑΝΑ… ,PANGKAKISTOS,
49,ΜΟΝΟ ΜΕ ΠΙΣΤΟΠΟΙΗΤΙΚΟ ΕΜΒΟΛΙΑΣΜΟΥ Η ΕΙΣΟΔΟΣ ΣΕ ΕΣΤΙΑΤΟΡΙΑ ΚΑΙ ΜΠΑΡ ΠΡΟΤΕΙΝΟΥΝ ΟΙ ΕΣΤΙΑΤΟΡΕΣ ΣΤΗΝ ΕΛΒΕΤΙΑ… ,PANGKAKISTOS,
50,Κορωνοϊός: Ανησυχία στους ειδικούς για τις εισαγωγές μικρών παιδιών στις ΜΕΘ #COVID19 #COVID19gr #COVID19greece… ,TomorrowNEWS4,"Attiki, Greece"
51, Η ΘΕΙΑ ΜΟΥ Η ΝΙΤΣΑ ΕΙΠΕ ΟΤΙ ΠΡΕΠΕΙ ΝΑ ΓΙΝΟΥΝ ΕΚΟΓΕΣ ΕΔΩ ΚΑΙ ΤΩΡΑ ..............#Covid_19 #COVID19 #Corona #Coronavirus…,PANGKAKISTOS,
52,Με ποια έργα προϋπολογισμού 4 δισ. ευρώ ξεκινά το Ταμείο Ανάκαμψης | Capital  -#Greece… ,Manos81A,
53,Ο κορωνοϊός είναι μια ακόμη «υπενθύμιση» του ρατσισμού που χαρακτηρίζει το υγειονομικό σύστημα των ΗΠΑ  #κορωνοϊος… ,bankingnewsgr,"Athens, Greece"
54,Ελλάδα/Κορωνοϊός: 2.147 κρούσματα-357 διασωληνωμένοι-22 θάνατοι #Greece #coronavirus ,briefcy,Cyprus
55,"Κορωνοϊός: «Εκρηξη» με 2.147 κρούσματα - Στο «κόκκινο» Αθήνα, Πειραιάς και Θεσσαλονίκη #COVID19 #COVID19gr… ",TomorrowNEWS4,"Attiki, Greece"
56,"Όπως αναφέραμε νωρίτερα το πρωί, στη Νάξο εντοπίστηκαν διψήφιος αριθμών θετικών κρουσμάτων στον κορονοϊό, και στην… ",Islandpressgr,"Νάξος, Ελλάς"
57,  μια άλλη σοβαρή επιπλοκή του covid που σχεδόν κανείς δεν την αναφέρει είναι τα χρόνια προβλήματα που αφήνει ακόμ…,Bluecolour141,
58,Κορωνοϊός: Στόχος ένα ισχυρό ποσοστό ανοσίας έως το Πάσχα – Αισιοδοξία για την πορεία των εμβολιασμών #COVID19… ,TomorrowNEWS4,"Attiki, Greece"
59," #Μόσιαλος: Τα εμβόλια δεν είναι 100% αποτελεσματικά, άρα και μετά τον εμβολιασμό μπορεί να κολλήσουμε  #κορωνοϊος #Cov…",corona_tweet,
60,"#Μόσιαλος: Τα εμβόλια δεν είναι 100% αποτελεσματικά, άρα και μετά τον εμβολιασμό μπορεί να κολλήσουμε  #κορωνοϊος… ",bankingnewsgr,"Athens, Greece"
61, Lockdown: Το άνοιγμα της αγοράς 8 Μαρτίου σχεδιάζει η κυβέρνηση – Έρχεται νέο SMS για το λιανεμπόριο #COVID19 #COVID19gr…,GuineeTags,"Paris, France"
62,Lockdown: Το άνοιγμα της αγοράς 8 Μαρτίου σχεδιάζει η κυβέρνηση – Έρχεται νέο SMS για το λιανεμπόριο #COVID19… ,TomorrowNEWS4,"Attiki, Greece"
63,Κορωνοϊός: Πώς να τσεκάρεις αν η μάσκα σε προστατεύει #Covid_19 #coronavirus ,TOPONTIKI,"Athens, Greece"
64,"Τα περισσότερα κρούσματα καταγράφονται και πάλι στην Αττική, ενώ αυξημένος είναι ο αριθμός και στο Ρέθυμνο… ",documentonews,Greece
65,"Σαν σήμερα πριν 1 χρόνο διάβαζα για τους κιτρινιάρηδες που τους κυνηγούσαν στον δρόμο με τις απόχες, έξυνα το αριστ… ",tolisv,Athens Greece
66,Νεότερα δεδομένα για τη νόσο COVID-19 #coronavirus #COVID19 #SARS_CoV_2 #κορωνοϊός  ,reformer_gr,
67,Οι βασικές ημερομηνίες στην πορεία της επιδημίας του κορονοϊού στις ΗΠΑ #COVID19 #Covid_19 #coronavirus  ,documentonews,Greece
68,Ώπα έχουμε νικητή ...!!!! #coronavirus #Covid_19 ,a8inaios_,"Αττική, Ελλάς"
69,"Η ΠΗΓΗ ΤΟΥ ΚΑΚΟΥ, Ο ΦΑΟΥΤΣΙ αρχιλοιμωξιολόγος των ΗΠΑ  ΠΟΥ ΕΦΤΙΑΞΕ ΤΟΝ #coronavirus στο εργαστήριο στη Γιουχάν ΕΙΝΑ… ",Anaktisis1,HOMO HOMINI LUPUS ! 
70, ΚΟΡΩΝΟΪΟΣ ΚΑΙ ΔΙΑΤΑΡΑΧΗ ΑΥΤΙΣΤΙΚΟΥ ΦΑΣΜΑΤΟΣΣε αυτό το #webinar θα ασχοληθούμε με τις βασικές θεματικές που θα βοηθήσουν κάθ…,ana_captures,"London, England"
71,ΚΟΡΩΝΟΪΟΣ ΚΑΙ ΔΙΑΤΑΡΑΧΗ ΑΥΤΙΣΤΙΚΟΥ ΦΑΣΜΑΤΟΣΣε αυτό το #webinar θα ασχοληθούμε με τις βασικές θεματικές που θα βοηθ… ,Stegi_occ,"ATHENS, GREECE"
72,"24 Θάνατοι εχθές απο #COVID19 #coronavirus ,το 95% ήταν υπεργηροι με βαρύτατα νοσήματα !Παρόλα αυτά #lockdown !!!… ",4Ff5XaGHurBTrsa,Ελλάς
73, Ο παγκόσμιος οργανισμός υγείας διαφωνεί μαζί σας. Αναγνωρίζει τη χρήση μάσκας ως βασικό συνεπικουρικό… ,2020_eliot,
74,  Εντυπωσιακή πτώση απο  ,jortheo,Cyprus
75,«Αισθάνομαι ότι υπάρχει μεγάλη έλλειψη διορατικότητας. Πρέπει να γίνουν περισσότερα τώρα για να προετοιμαστούμε»… ,briefcy,Cyprus
76,"Στα 2,485,384 εκατομμύρια οι θάνατοι #Coronavirus",briefcy,Cyprus
77,"   Ξέρετε, ποιο είναι το πρόβλημα; Η πηγή της πληροφόρησης. Τα δεδομένα που λέτε… ",a_stalidis,
78," Λοιπόν,μέχρι τώρα ξέρουμε πως το εμβόλιο θα περιέχει:λίγο ορό, λίγο νερό, λίγο έμβρυο, λίγο τσιπάκι &amp; λίγο 5G!! Νομίζω…",fragiadakisjohn,Πειραιάς
79,Έχουμε δοκιμάσει κάθε μορφής lockdown και δεν έχει πιάσει κανένα. Ένα χρόνο τώρα κοροϊδευόμαστε μεταξύ μας. Μήπως ν… ,kontologis,
80, μια άλλη σοβαρή επιπλοκή του covid που σχεδόν κανείς δεν την αναφέρει είναι τα χρόνια προβλήματα που αφήν… ,spiroseliot,athens
81,Τραγικά όσα ζούμε και βιώνουμε απο τις αποκαλύψεις...Τραγικά όσα ζούμε και βιώνουμε απο τις αποκαλύψεις και όλα μ… ,FiloiEsfigmenou,
82,Κορωνοϊός: Κλιμακώνεται η πίεση στα νοσοκομεία - Δείτε τον χάρτη με τις «κόκκινες» περιοχές #COVID19 #COVID19gr… ,TomorrowNEWS4,"Attiki, Greece"
83,"59,3% των Αμερικανών εγκρίνουν 💪✌️ ",deanmarin,"Egaleo,Attiki,Greece"
84," Οι #ΗΠΑ ξεπέρασαν σήμερα το θλιβερό ορόσημο των 500.000 νεκρών από την #Covid19, λίγες μόλις ημέρες προτού να συμπληρωθεί έν…",AXristodoulidou,Αθηνα
85,"Οι #ΗΠΑ ξεπέρασαν σήμερα το θλιβερό ορόσημο των 500.000 νεκρών από την #Covid19, λίγες μόλις ημέρες προτού να συμπλ… ",amna_news,"Athens, Greece"
86, Ο Λουκασένκο φέρεται να αρνήθηκε το 1 δις που του πρόσφερε η ΝΤΠ για να κλείσει τη Λευκορωσία με παράλογα μέτρα όπως έχ…,ageorg6,
87,«Χρόνια προόδου στο ζήτημα της ισότητας των φύλων εξανεμίσθηκαν» #Coronavirus,briefcy,Cyprus
88,"Να σας κάνω μια ΠΡΟΒΛΕΨΗ?Οι κυβερνήσεις που ΔΙΑΧΕΙΡΙΣΘΗΚΑΝ τη συγκεκριμένη πανδημία, θα έχουν την ΙΔΙΑ ΚΑΤΑΛΗΞΗ με… ",StavrosKyriazis,
89, Ο Λουκασένκο φέρεται να αρνήθηκε το 1 δις που του πρόσφερε η ΝΤΠ για να κλείσει τη Λευκορωσία με παράλογα μέτρα όπως έχ…,manosnn,Παντου
90, Η  εγκρίνει κρατικές ενισχύσεις ύψους 500 εκατ. €💶 για τη στήριξη των ελληνικών μικρομεσαίων επιχειρήσεων που π…,s_belegrinou,"Brussels, Belgium"
91, ΑΡΡΩΣΤΗΣΑΝΕ ΚΑΙ ΤΑ ...ΒΑΤΡΑΧΙΑ ΤΗΣ ΛΙΜΝΗΣ ΝΤΟΡΒΑΔΕΣ...   #Covid_19 #COVID19 #Corona #CoronavirusOutbreak #coronavirus ht…,PANGKAKISTOS,
92, Η  εγκρίνει κρατικές ενισχύσεις ύψους 500 εκατ. €💶 για τη στήριξη των ελληνικών μικρομεσαίων επιχειρήσεων που π…,EDIC_Thess,Thessaloniki / Greece
93,      Εχωμεν μεγάλη συζήτηση ,ilcapitanCristo,"New York, NY"
94,"  Μιλούμε για την ΕΞΟΔΟ, δηλαδή για ΕΜΒΟΛΙΑ 🙄 ",ilcapitanCristo,"New York, NY"
95, Ο Λουκασένκο φέρεται να αρνήθηκε το 1 δις που του πρόσφερε η ΝΤΠ για να κλείσει τη Λευκορωσία με παράλογα μέτρα όπως έχ…,ICXCLORDOFLORDS,
96, Ο Λουκασένκο φέρεται να αρνήθηκε το 1 δις που του πρόσφερε η ΝΤΠ για να κλείσει τη Λευκορωσία με παράλογα μέτρα όπως έχ…,costaseas1,
97, Ο Λουκασένκο φέρεται να αρνήθηκε το 1 δις που του πρόσφερε η ΝΤΠ για να κλείσει τη Λευκορωσία με παράλογα μέτρα όπως έχ…,GPp0RJ2N7xrxv4,
98, Η  εγκρίνει κρατικές ενισχύσεις ύψους 500 εκατ. €💶 για τη στήριξη των ελληνικών μικρομεσαίων επιχειρήσεων που π…,EDIC_Crete,"Averof Georgiou 1, Heraklion"
99,Ιταλία - Κορωνοϊός: Στην «κόκκινη ζώνη» απαγορεύονται οι επισκέψεις σε συγγενείς και φίλους   #lockdown #COVID19… ,bankingnewsgr,"Athens, Greece"
100,Επιδημιολογική σπαζοκεφαλιά2:Wisconsin με μισό πληθυσμό από Ελλάδα αλλά πολύ περισσότερα κρούσματα και ίδια θύματα… ,v_margar,Greece and U.S.A.
101,#Θεοδωρίδου : Η προληπτική ιατρική έχει επηρεαστεί σημαντικά από την #πανδημία#Covid_19… ,amna_news,"Athens, Greece"
102, Ο Λουκασένκο φέρεται να αρνήθηκε το 1 δις που του πρόσφερε η ΝΤΠ για να κλείσει τη Λευκορωσία με παράλογα μέτρα όπως έχ…,Kriskri31822172,Athens
103, Ο Λουκασένκο φέρεται να αρνήθηκε το 1 δις που του πρόσφερε η ΝΤΠ για να κλείσει τη Λευκορωσία με παράλογα μέτρα όπως έχ…,face3269,
104,Κορωνοϊός: Πρόστιμο 11.000 ευρώ σε Βορειοηπειρώτες που πήγαιναν στο νοσοκομείο Ηγουμενίτσας  #COVID19 #coronavirus… ,bankingnewsgr,"Athens, Greece"
105, Ο Λουκασένκο φέρεται να αρνήθηκε το 1 δις που του πρόσφερε η ΝΤΠ για να κλείσει τη Λευκορωσία με παράλογα μέτρα όπως έχ…,beacon_freedom,Room 237
106, Ο Λουκασένκο φέρεται να αρνήθηκε το 1 δις που του πρόσφερε η ΝΤΠ για να κλείσει τη Λευκορωσία με παράλογα μέτρα όπως έχ…,EviEvakii,Greece - New York
107,ΑΡΡΩΣΤΗΣΑΝΕ ΚΑΙ ΤΑ ...ΒΑΤΡΑΧΙΑ ΤΗΣ ΛΙΜΝΗΣ ΝΤΟΡΒΑΔΕΣ...   #Covid_19 #COVID19 #Corona #CoronavirusOutbreak… ,PANGKAKISTOS,
108,Κορωνοϊός: Νέα 880 κρούσματα - «Εκτόξευση» για τους διασωληνωμένους #COVID19 #COVID19gr #COVID19greece #κορωνοιος… ,TomorrowNEWS4,"Attiki, Greece"
109, Ο Λουκασένκο φέρεται να αρνήθηκε το 1 δις που του πρόσφερε η ΝΤΠ για να κλείσει τη Λευκορωσία με παράλογα μέτρα όπως έχ…,oZPppvWx6qn0eW5,
110, Η  εγκρίνει κρατικές ενισχύσεις ύψους 500 εκατ. €💶 για τη στήριξη των ελληνικών μικρομεσαίων επιχειρήσεων που π…,EDICELIAMEP,"Athens, Greece"
111, Ο Λουκασένκο φέρεται να αρνήθηκε το 1 δις που του πρόσφερε η ΝΤΠ για να κλείσει τη Λευκορωσία με παράλογα μέτρα όπως έχ…,gipas69,Αθήναι 🇬🇷
112,Αγγλία: Ο οδικός χάρτης εξόδου από τα περιοριστικά μέτρα #lockdown #BorisJohnson #coronavirus #covid-19 #covid19 ,eobserverUK,London
113,Η #Sanofi θα βοηθήσει την Johnson &amp; Johnson στην παραγωγή του εμβολίου της κατά του κορωνοϊού #COVID19… ,bankingnewsgr,"Athens, Greece"
114, Ο Λουκασένκο φέρεται να αρνήθηκε το 1 δις που του πρόσφερε η ΝΤΠ για να κλείσει τη Λευκορωσία με παράλογα μέτρα όπως έχ…,Circe2018,Ἀτλαντὶς νῆσος
115,Κορωνοϊός: Μέχρι πότε τελικά θα φοράμε μάσκες; - Τι δήλωσε ο Άντονι Φάουτσι; #COVID19 #COVID19gr #COVID19greece… ,TomorrowNEWS4,"Attiki, Greece"
116, Ο Λουκασένκο φέρεται να αρνήθηκε το 1 δις που του πρόσφερε η ΝΤΠ για να κλείσει τη Λευκορωσία με παράλογα μέτρα όπως έχ…,chrysoula73, Ελλάδα 
117, Ο Λουκασένκο φέρεται να αρνήθηκε το 1 δις που του πρόσφερε η ΝΤΠ για να κλείσει τη Λευκορωσία με παράλογα μέτρα όπως έχ…,mairn_pap,Nibiru
118,Γιατί όσοι φοράνε γυαλιά οράσεως είναι λιγότερο πιθανό να κολλήσουν #κορονοιος,newsbeast,"Athens, Greece"
119,rt : Η  εγκρίνει κρατικές ενισχύσεις ύψους 500 εκατ. €💶 για τη στήριξη των ελληνικών μικρομε… ,edickomotini,"Komotini, GR"
120, Ο Λουκασένκο φέρεται να αρνήθηκε το 1 δις που του πρόσφερε η ΝΤΠ για να κλείσει τη Λευκορωσία με παράλογα μέτρα όπως έχ…,GBrakourakis,
121,Lockdown: Κρίσιμη εβδομάδα για το άνοιγμα του λιανεμπορίου – Τι προτείνουν οι ειδικοί; #COVID19 #COVID19gr… ,TomorrowNEWS4,"Attiki, Greece"
122,500 εκατ. €💶 για τη στήριξη των ελληνικών μικρομεσαίων επιχειρήσεων που πλήττονται από την έξαρση του #coronavirus ,edicaegean,Μυτιλήνη
123,Εξαγριωμένοι οι κάτοικοι του δήμου Κορδελιού - Ευόσμου με το καθολικό #lockdown#COVID19 #coronavirus #Covid_19 ,bankingnewsgr,"Athens, Greece"
124,Διαβατήριο εμβολιασμού θα εφαρμόσει δοκιμαστικά η αεροπορική εταιρεία Air New Zealand ,PtisiMagazine,Greece
125,Πότε θα τελειώσει η #πανδημία του κορωνοϊού - Οι εκτιμήσεις του Παγκόσμιου Οργανισμού Υγείας  #COVID19… ,bankingnewsgr,"Athens, Greece"
126, Η  εγκρίνει κρατικές ενισχύσεις ύψους 500 εκατ. €💶 για τη στήριξη των ελληνικών μικρομεσαίων επιχειρήσεων που π…,Georgios_GM,"Athens, Greece (for now)"
127,Η  εγκρίνει κρατικές ενισχύσεις ύψους 500 εκατ. €💶 για τη στήριξη των ελληνικών μικρομεσαίων επιχειρή… ,EEAthina,Αθήνα
128,Ο Λουκασένκο φέρεται να αρνήθηκε το 1 δις που του πρόσφερε η ΝΤΠ για να κλείσει τη Λευκορωσία με παράλογα μέτρα όπω… ,beacon_freedom,Room 237
129,Lockdown… για καιρό! Πρόβλεψη για «2.000 κρούσματα στις 5 Μαρτίου»! (video) #COVID19greece #κορονοιος #coronavirus… ,eretikos_gr,
130,Έχετε ερωτήσεις σχετικά με τον εμβολιασμό κατά της COVID-19 στην ΕΕ; Επισκεφθείτε την ιστοσελίδα μας για να βρείτ… ,EUCYPRUS,Nicosia | Λευκωσία | Lefkoşa
131,Γνωρίζεις τις Υποχρεώσεις Δημοσιότητας Δικαιούχων Δράσης «Ενίσχυση επιχειρήσεων για την αντιμετώπιση των συνεπειών… ,agrosimvoulos,"Orestiada, Greece"
132,Πρόβλεψη «μαχαιριά» από Παναγιωτόπουλο: «Θα φοράμε μάσκες μέχρι το 2022»! #COVID19greece #κορονοιος #coronavirus… ,eretikos_gr,
133,Lockdown: Νέος κωδικός στο προσκήνιο και περισσότερη ώρα για τα ψώνια; video #COVID19greece #κορονοιος #coronavirus… ,eretikos_gr,
134,Περίπου τα μισά άτομα ηλικίας άνω των 85 ετών αναπτύσσουν αντισώματα μετά την πρώτη δόση του εμβολιασμού #COVIDー19… ,political_bank,
135,Ο Σακχαρώδης Διαβήτης ως παράγων κινδύνου στη νόσο COVID-19 #coronavirus #Covid_19 #COVID19 #κορωνοϊός… ,reformer_gr,
136,  τσου,SineQuaNon2015,
137,Πιερρακάκης: Πάνω από 1 εκατ. πολίτες έκλεισαν ραντεβού για να εμβολιαστούν – Πού χρησιμοποιείται η βεβαίωση εμβολι… ,entypos,Greece
138,Στα σκαριά made in Greece οικιακό τεστ για την CoViD-19 - Επιστήμη &amp; Ζωή - Ειδήσεις - Νέα … ,vignat72,Thessaloniki
139, Κλειστά σχολεία: Αυξάνονται τα σχολεία που βρίσκονται σε ολική ή μερική αναστολή λόγω κρουσμάτων κορωνοϊού. Ξεπέρασαν τ…,AntiDraseis,Greece
140,£•° #coronavirus°Π£=¢¢©`• ℅€•€×°€•√•••,sanliamled,
141, ΔΙΑΔΏΣΤΕ ‼️ 🆘🆘🆘🆘🆘🆘#Λιγναδης_παιδεραστης #kalyteradeginetai #skfamily #PAOK #Djokovic #coronavirus #ΝΔ_ξεφτιλες #Μενδωνη_…,keha_Queen,
142,"Κορωνοϊός: Κρίσιμη η κατάσταση στα νοσοκομεία της Αττικής, όσο ο ιός «θερίζει» #COVID19 #COVID19gr #COVID19greece… ",TomorrowNEWS4,"Attiki, Greece"
143,Ο Τρυντό με την περίεργη συλλογή από παιδικά καλτσάκια (παιδόφιλος ?) αντιγράφει τις πρακτικές της βρετανικής κυβέρ… ,StavrosKyriazis,
144,  Η -κάθε άλλο παρά ιδανική- περίπτωση της Σκωτίας δείχνει πως το ήπιο lockdown φέρνει τα επιθυμητά αποτελέσματ…,Katselos,"Athens, Greece"
145, 📻Στον   και την εκπομπή του  . Έρχεται ΕΣΠΑ ειδικό για την εστίαση. Ποιες ανάγκες του κλάδου θ…,GiPapagiannis,"Attiki, Greece"
146, Η -κάθε άλλο παρά ιδανική- περίπτωση της Σκωτίας δείχνει πως το ήπιο lockdown φέρνει τα επιθυμητά αποτελέ… ,panos_strather,"Glasgow, Scotland"
147,Κορωνοϊός: Νέα 884 κρούσματα - ''Ψήνονται'' Αθήνα και Πειραιάς #COVID19 #COVID19gr #COVID19greece #κορωνοιος… ,TomorrowNEWS4,"Attiki, Greece"
148,Ποια είναι τα συμπτώματα διαφόρων ασθενειών και πώς συσχετίζονται μεταξύ τους; #Covid_19 #coronavirus #protection ,agrosimvoulos,"Orestiada, Greece"
149,Κορονοϊός: Πού εντοπίζονται τα σημερινά κρούσματα #COVID19greece #κορονοιος #coronavirus #Lockdown3 #κρουσματα… ,eretikos_gr,
150,Θα τρελαθώ... 🤗Η γλυκούλα...Κοιτάξτε μάσκα η κυριούλα... 🌹#coronavirus #maska#koronoios ,siourda1,
151,📻Στον   και την εκπομπή του  . Έρχεται ΕΣΠΑ ειδικό για την εστίαση. Ποιες ανάγκες του κλάδο… ,DafneGrigoriadi,"Αττική, Ελλάς"
152,ΔΙΑΔΏΣΤΕ ‼️ 🆘🆘🆘🆘🆘🆘#Λιγναδης_παιδεραστης #kalyteradeginetai #skfamily #PAOK #Djokovic #coronavirus #ΝΔ_ξεφτιλες… ,Robocode101,
153,ΓΕΜΑΤΑ ΚΟΡΩΝΑ ΙΟ ΤΑ ΒΙΒΛΙΑ ΤΩΝ ΒΙΒΛΙΟΘΗΚΩΝ  #Covid_19 #COVID19 #Corona #CoronavirusOutbreak #coronavirus ,PANGKAKISTOS,
154,ΑΝ ΑΥΤΟ ΑΛΗΘΕΥΕΙ !!! Η #Ρωσία εκτέλεσε μεταθανάτια νεκροτομή σε ασθενή με #Covid19 ...Τελευταία νέα από τη #Ρωσία… ,FiloiEsfigmenou,
155, Η Εκκλησία έχει δείξει μεγάλη ανευθυνότητα με τον #coronavirus .Όλοι θυμόμαστε τι έκανε στα Θεοφάνεια.Αντί να στείλει…,mitosariadni,
156,Η Εκκλησία έχει δείξει μεγάλη ανευθυνότητα με τον #coronavirus .Όλοι θυμόμαστε τι έκανε στα Θεοφάνεια.Αντί να στε… ,TyraniaVapirel,
157, Παράταση στις απαγορεύσεις για τις πτήσεις εξωτερικού μέχρι τις 8 Μαρτίου #COVID19greece #κορονοιος #coronavirus #Lockdown…,kikostel69,Greece!
158,Κατά τα φαινόμενα δεν θα ξεμπλέξουμε εύκολα με τον « coronavirus»,nikathan2,"Athens, HELLAS"
159, Παράταση στις απαγορεύσεις για τις πτήσεις εξωτερικού μέχρι τις 8 Μαρτίου #COVID19greece #κορονοιος #coronavirus #Lockdown…,AXristodoulidou,Αθηνα
160,Παράταση στις απαγορεύσεις για τις πτήσεις εξωτερικού μέχρι τις 8 Μαρτίου #COVID19greece #κορονοιος #coronavirus… ,eretikos_gr,
161,Εμβολιασμός: Άμεσος στόχος ο εμβολιασμός των 60+ για την επιστροφή στην κανονικότητα #COVID19 #COVID19gr… ,TomorrowNEWS4,"Attiki, Greece"
162,Η Μαλαισία επισπεύδει την εκκίνηση της εκστρατείας εμβολιασμού  #coronavirus #Malaysia,Kosmodromio_gr,"Αθήνα, Ελλάδα"
163,Κορωνοϊός: Ποιο το πλάνο της κυβέρνησης για το άνοιγμα του λιανεμπορίου – Ορίζοντας οι αρχές Μαρτίου #COVID19… ,TomorrowNEWS4,"Attiki, Greece"
164,Lockdown: Έτσι θα κάνουμε καλύτερο Πάσχα – Η μετακίνηση από νομό σε νομό #COVID19greece #κορονοιος #coronavirus… ,eretikos_gr,
165, Θα κλείσουν τα μαγαζιά που ψωνίζεις ένας ένας και θα ανοίξουν τα σχολεία που είναι οι πηγές της μετάδοσης... Οκ#coronavirus #…,BlumGeny,Παρέα με τον Κακό Λύκο
166,"""Όταν τελειώσει η πανδημία, θα βγουν πολλά και θα ταλαιπωρηθεί η πολιτική ζωή του τόπου"" - Κ.Γουργουλιάννης Διευθυν… ",PanagiotisMylo6,
167,Κλειστά σχολεία: Αυξάνονται τα σχολεία που βρίσκονται σε ολική ή μερική αναστολή λόγω κρουσμάτων κορωνοϊού. Ξεπέρασ… ,til_kountouris,"Athens, Greece"
168,Κορωνοϊός: Εύσημα στην Ελλάδα από διακεκριμένο καθηγητή στη Λιέγη - Επιστήμη &amp; Ζωή - Ειδήσεις - Νέα… ,vignat72,Thessaloniki
169,"Κορωνοϊός: Ασφυκτιούν οι ΜΕΘ της Αττικής – Φόβοι για αύξηση των νοσηλευομένων τις επόμενες μέρες, την ώρα που ήδη η… ",til_kountouris,"Athens, Greece"
170,Ισραήλ: Σταδιακή χαλάρωση των περιοριστικών μέτρων  #Israel #coronavirus,Kosmodromio_gr,"Αθήνα, Ελλάδα"
171,"Ολλανδία : Πολίτες, καταδώστε τους διαδηλωτές για το καλό σας  #coronavirus",Kosmodromio_gr,"Αθήνα, Ελλάδα"
172, Και το πασοκικό meme της βραδιάς #ΠΑΣΟΚ #ΚαταραμεναΛεπταWattpad #OLYPSV #Survirorgr #HouseOfFameGR #MasterChefGR #radioar…,Jan10051969,
173,"Μην λυπάστε, ο Θεός είναι μαζί μας: αφήστε την καρδιά σας να χαλαρώσει Ακούστε τα λόγια του Θεού  #coronavirus",ALESLAAMA,
174,"Είναι να απορεί κανείς με αυτά τα δεδομένα...Τελικά, ΑΝΩΜΑΛΟΙ ΑΠΟΦΑΣΙΖΟΥΝ στην Ελλάδα? ",StavrosKyriazis,
175,Κορωνοϊός: Στο έλεος της πανδημίας η Αττική - Αναλυτικά ο χάρτης #COVID19 #COVID19gr #COVID19greece #κορωνοιος… ,TomorrowNEWS4,"Attiki, Greece"
176,Μετά από 46 θανάτους σε γηροκομείο διέκοψαν την 2η φάση του 💉 ,KyriacosKy,
177,Και το πασοκικό meme της βραδιάς #ΠΑΣΟΚ #ΚαταραμεναΛεπταWattpad #OLYPSV #Survirorgr #HouseOfFameGR #MasterChefGR… ,to_pastelaki,"Μονεμβασιά, Ελλάς"
178,Η Ρωσία κατασκεύασε και τρίτο εμβόλιο κατά του ιού.,lG8CmDPvXocrXAq,
179,#COVID19greece #κορονοιος #coronavirus #Lockdown3 #κρουσματα#κορωνοιος #κορονοϊός #lockdown2021 #COVID19 #COVID… ,eretikos_gr,
180,Κορονοϊός: Το Κουβανέζικο εμβόλιο των φτωχών #COVID19greece #κορονοιος #coronavirus #Lockdown3 #κρουσματα… ,eretikos_gr,
181,Ιρλανδία: Δεν θα ανοίξουν τα ξενοδοχεία πριν από τα μέσα καλοκαιριού  #coronavirus,Kosmodromio_gr,"Αθήνα, Ελλάδα"
182, Πρόσφατα κυκλοφόρησε ο ψευδής ισχυρισμός πως έκθεση του οργανισμού για την έγκριση φαρμάκων και προϊόντων βιοϊατρικής τ…,nowfor3,
183, Πάμε Τελ Αβίβ να εμβολιαστούμε να πιούμε και την μπίρα μας!! Κυριάκο βλέπε να μαθαίνεις! #COVID19 #coronavirus #κορονοϊός,viralvideovlogs,കേരളം
184,Πάμε Τελ Αβίβ να εμβολιαστούμε να πιούμε και την μπίρα μας!! Κυριάκο βλέπε να μαθαίνεις! #COVID19 #coronavirus #κορονοϊός,despinapap91,
185,Παράλυση ιατρού στην Κέρκυρα: Το πόρισμα αποκλείει συσχετισμό των συμπτωμάτων με το εμβόλιο #COVID19 #COVID19gr… ,TomorrowNEWS4,"Attiki, Greece"
186,Έχουν συγχωνευθεί δύο παραλλαγές coronavirus - εδώ πρέπει να γνωρίζετε  μέσω ,MELPO56,ΑΡΧΑΙΑ ΙΘΩΜΗ
187, ΜΑΖΕΥΟΝΤΑΙ ΟΙΓΙΑΝΝΙΩΤΕΣ ΣΤΑ ΚΑΦΕΝΕΙΑ ΤΩΝ ΧΩΡΙΩΝΠΟΥ ΠΑΝΕ ΔΗΘΕΝ ΓΙΑ ΑΘΛΗΣΗ ...ΚΑΙ Η ΑΣΤΥΝΟΜΙΑ ΚΟΙΜΑΤΑΙ ....  #Covid_19 #CO…,PANGKAKISTOS,
188, Ακούστε τι ζούμε ένα χρόνο τώρα: Εργαζόμενη σε επιχείρηση ανεβάζει πυρετό.Κάνει (rapid) test &amp; βγαίνει θετική σε Covid-19. Την…,milti_adis,
189,Θεσσαλονίκη: Rapid test σε πεζούς την Κυριακή στα Μετέωρα #COVID19greece #κορονοιος #coronavirus #Lockdown3… ,eretikos_gr,
190,Κορονοϊός: Ο χάρτης της διασποράς#COVID19greece #κορονοιος #coronavirus #Lockdown3 #κρουσματα#κορωνοιος… ,eretikos_gr,
191,"Βάνα Παπαευαγγέλου: Την Τετάρτη 24/2, με βάση τα νέα επιδημιολογικά δεδομένα, θα συζητηθεί το τι θα ισχύσει στην Ατ… ",til_kountouris,"Athens, Greece"
192,Ακούστε τι ζούμε ένα χρόνο τώρα: Εργαζόμενη σε επιχείρηση ανεβάζει πυρετό.Κάνει (rapid) test &amp; βγαίνει θετική σε Co… ,gegenos,"Rethymno, Crete"
193,Θολώνουν τις σκέψεις των ειδικών οι μεταλλάξεις – Ποιες συνθήκες οδηγούν παράταση του lockdown; #COVID19 #COVID19gr… ,TomorrowNEWS4,"Attiki, Greece"
194,Έντεκα τα κρούσματα εδώ σε σχολική μονάδα! Έχετε γεια βρυσούλες! #Covid_19 #coronavirus #lockdown,evi2412,SAMOS
195,Όλο το soundtrack από τις #AgriesMelisses και ένα καλό βιβλίο: Σαββατάρα (στα χρόνια του coronavirus)... 🎼 + 📖 = ☺️,itsxenk,"Hamburg, Germany"
196,Έχουν συγχωνευθεί δύο παραλλαγές coronavirus – εδώ πρέπει να γνωρίζετε ,MELPO56,ΑΡΧΑΙΑ ΙΘΩΜΗ
197,Πρόσφατα κυκλοφόρησε ο ψευδής ισχυρισμός πως έκθεση του οργανισμού για την έγκριση φαρμάκων και προϊόντων βιοϊατρικ… ,ellinikahoaxes,Χρυσοσπάθη 2 Θεσ/νικη ΤΚ54629
198,Κορωνοϊός: Νέα 1.424 κρούσματα - Αυξάνεται η πίεση στις ΜΕΘ #COVID19 #COVID19gr #COVID19greece #κορωνοιος… ,TomorrowNEWS4,"Attiki, Greece"
199,#COVID19greece #κορονοιος #coronavirus #Lockdown3 #κρουσματα#κορωνοιος #κορονοϊός #lockdown2021 #COVID19 #COVID… ,eretikos_gr,
200,#COVID19greece #κορονοιος #coronavirus #Lockdown3 #κρουσματα#κορωνοιος #κορονοϊός #lockdown2021 #COVID19 #COVID… ,eretikos_gr,
201,#Κορωνοϊός: Την ημέρα που τα ζώα εξεγέρθηκαν εναντίον των ανθρώπων ... Ένα #οικολογικό #παραμύθι! Του Dimitri de Bo… ,Infoenv,
202,Lockdown: Ορίζοντας για την κυβέρνηση η 1η Μαρτίου – Ποιες δραστηριότητες ενδέχεται να λειτουργήσουν ξανά; #COVID19… ,TomorrowNEWS4,"Attiki, Greece"
203,     μάλλον αυτοί ανήκουν στην Αφρική.,c_mandas,
204,"    ""An experimental coronavirus drug which is now being trialled o… ",Reggas1,Νότια βαλκανική
205,     βαρέθηκα να ψάχνω που αλλού.,c_mandas,
206,Σαν να λέμε «Παγκόσμια ημέρα #COVIDー19» #coronavirus #pandemic #κορονοϊός ,traGanoPatataki,Greece
207,ΜΑΖΕΥΟΝΤΑΙ ΟΙΓΙΑΝΝΙΩΤΕΣ ΣΤΑ ΚΑΦΕΝΕΙΑ ΤΩΝ ΧΩΡΙΩΝΠΟΥ ΠΑΝΕ ΔΗΘΕΝ ΓΙΑ ΑΘΛΗΣΗ ...ΚΑΙ Η ΑΣΤΥΝΟΜΙΑ ΚΟΙΜΑΤΑΙ ....… ,PANGKAKISTOS,
208,Κι επειδή δεν μας έφτανε ο #coronavirus χωρίζει και η Kim το Kanye! Τι να πω... άλλο κακο να μη μας βρει! Καλημέρα σε όλους!,Margare55737106,Downing Street 
209, Σκορσέζε : Η μαγεία του κινηματογράφου χάνεται στις υπηρεσίες streaming  #scorsese  #martinscors…,Jobeto9,
210, Σκορσέζε : Η μαγεία του κινηματογράφου χάνεται στις υπηρεσίες streaming  #scorsese  #martinscors…,tzavelaniki,Ελλάς
211, Το Associated Press για το κανάλι εκπαίδευσης που δημιουργήθηκε μέσα στο σχολείο που λειτουργεί στο Ειδικό Κατάστημα Κράτ…,faidr,"Athens, Greece"
212,Κορωνοϊός: Συνεχίζει να «χτυπά» η πανδημία τη χώρα - Ποιες περιοχές σηκώνουν το βαρύ φορτίο; #COVID19 #COVID19gr… ,TomorrowNEWS4,"Attiki, Greece"
213,Σκορσέζε : Η μαγεία του κινηματογράφου χάνεται στις υπηρεσίες streaming  #scorsese… ,naftemporikigr,"Athens, Greece"
214,"Οι γιατροί της Intermountain Healthcare, στις ΗΠΑ, ανακοίνωσαν νέες οδηγίες μαστογραφίας την Τρίτη ως απάντηση σε μ… ",StavrosKyriazis,
215, Το Associated Press για το κανάλι εκπαίδευσης που δημιουργήθηκε μέσα στο σχολείο που λειτουργεί στο Ειδικό Κατάστημα Κράτ…,gretzovi,Ελλάς
216, Το Associated Press για το κανάλι εκπαίδευσης που δημιουργήθηκε μέσα στο σχολείο που λειτουργεί στο Ειδικό Κατάστημα Κράτ…,dama_pi,
217, Το Associated Press για το κανάλι εκπαίδευσης που δημιουργήθηκε μέσα στο σχολείο που λειτουργεί στο Ειδικό Κατάστημα Κράτ…,l_lefkothea,
218, Το Associated Press για το κανάλι εκπαίδευσης που δημιουργήθηκε μέσα στο σχολείο που λειτουργεί στο Ειδικό Κατάστημα Κράτ…,stefighter,
219,Το Associated Press για το κανάλι εκπαίδευσης που δημιουργήθηκε μέσα στο σχολείο που λειτουργεί στο Ειδικό Κατάστημ… ,Nora98869740,Anywhere
220," Διαβάσατε τι παρατήρησε ο Jonathan ;Και, πιθανώς, την αιτία τών μεταλλάξεων τού coronavirus.Ποιές Αφρικές και κουραφέξαλα…",Kostas_mania,στο Παγασητικο γυρω-γυρω
221, ΑΠΟ ΤΗΝ ΜΙΑ ΓΕΛΟΙΟΤΗΤΑ ΣΤΗΝ ΑΛΛΗ ...ΚΑΤΙ ΔΕΝ ΠΑΕΙ ΚΑΛΑ ΓΕΝΙΚΩΣ  #Covid_19 #COVID19 #Corona #CoronavirusOutbreak #coronav…,PANGKAKISTOS,
222,«Ναι» στην διπλή μάσκα λέει το CDC! Πότε ΔΕΝ το συνιστά #COVID19greece #κορονοιος #coronavirus #Lockdown3… ,eretikos_gr,
223,Κορονοϊός: Ενδείξεις ότι προήλθε από εργαστήριο της Γουχάν –Τι έδειξε έρευνα #COVID19greece #κορονοιος #coronavirus… ,eretikos_gr,
224,#COVID19greece #κορονοιος #coronavirus #Lockdown3 #κρουσματα#κορωνοιος #κορονοϊός #lockdown2021 #COVID19 #COVID… ,eretikos_gr,
225,Κορονοϊός: Στο «κόκκινο» οι ΜΕΘ στην Αττική #COVID19greece #κορονοιος #coronavirus #Lockdown3 #κρουσματα#κορωνοιος… ,eretikos_gr,
226,Δωρεάν rapid tests στον Πειραιά από τη Δευτέρα #COVID19greece #κορονοιος #coronavirus #Lockdown3 #κρουσματα… ,eretikos_gr,
227,"Αυστρία: Επικρίνει τον Ευρωπαϊκό Οργανισμό Φαρμάκων για καθυστερήσεις στην έγκριση εμβολίων, τονίζοντας την ανάγκη… ",bankingnewsgr,"Athens, Greece"
228,"Η Ευρωπαϊκή Ένωση διπλασιάζει τη συνεισφορά της σε εμβόλια κορωνοϊού, στο COVAX  #COVAX… ",bankingnewsgr,"Athens, Greece"
229,   το οτι ολα τα εμβολια ειναι σε πειραματικό σταδιο δεν σε προβληματίζει καθο… ,karapiperim3,here and there
230, Αυτό είναι το πιστοποιητικό εμβολιασμού - Από σήμερα 19/2 η βεβαίωση για όσους έκαναν τις δύο δόσεις …,MylwnaXrusa,Αθήνα κόρη του ουρανού!!!!!
231,Αυτό είναι το πιστοποιητικό εμβολιασμού - Από σήμερα 19/2 η βεβαίωση για όσους έκαναν τις δύο δόσεις… ,bankingnewsgr,"Athens, Greece"
232,"Σε συναγερμό η Ιαπωνία, επιβεβαίωσε νέα #μεταλλαξη  του #COVID19  #coronavirus #pandemia",bankingnewsgr,"Athens, Greece"
233,Handelsblatt: Η Ελλάδα παρατείνει το #lockdown  - Η Ευρώπη φοβάται το τρίτο κύμα πανδημίας … ,bankingnewsgr,"Athens, Greece"
234,Γεωργιάδης: ''Πλησιάζει το άνοιγμα της εστίασης'' #COVID19 #COVID19gr #COVID19greece #κορωνοιος #lockdown2gr… ,TomorrowNEWS4,"Attiki, Greece"
235," Τελικά εσείς που πιστεύετε ότι το εμβόλιο θα σας αλλάξει το DNA.,δείτε το και ως μια πιθανότητα ατομικής σας  βελτίωσης.Μ…",AngelShamal,"Σαλαμίνα, Ελλάς"
236, Στα 91 τεστ για #κορονοιος σήμερα τα 2 θετικά #coronavirus,kontoxwrianos,Μακεδονία
237,Στα 91 τεστ για #κορονοιος σήμερα τα 2 θετικά #coronavirus,mamounaki_,Αθηνα
238,Πλούσια κράτη έχουν «αποθηκεύσει» ένα δισεκατομμύριο δόσεις εμβολίων παραπάνω από όσο χρειάζονται  #COVID19… ,bankingnewsgr,"Athens, Greece"
239,"Τελικά εσείς που πιστεύετε ότι το εμβόλιο θα σας αλλάξει το DNA.,δείτε το και ως μια πιθανότητα ατομικής σας  βελτ… ",anektikos_,
240,Κορωνοϊός: Νέα 1.460 κρούσματα - «Ψήνεται» η Αττική με 722 #COVID19 #COVID19gr #COVID19greece #κορωνοιος… ,TomorrowNEWS4,"Attiki, Greece"
241,Γιατί δεν βάζουμε περικεφαλαίες να τελειώνουμε αφού εκεί πάμε #lockdown #coronavirus #COVID19 #κυβερνηση_τσιρκο… ,iBUZsMxuo9kEr0k,
242,Από σήμερα κι άλλες πόλεις σε #lockdown - #covid19 - Η ΔΙΑΔΡΟΜΗ ®  #CoronaVirus #covidGR… ,faymple,athens
243,ΜΕΤΑΛΛΑΞΗ #coronavirus με Κυπριακή ονομασία ! ,Anaktisis1,HOMO HOMINI LUPUS ! 
244,ΖΙΤΣΑ ...ΓΝΩΣΤΗ ΓΙΑ ΤΑ ΚΟΚΚΙΝΑ ΚΡΑΣΙΑ ΤΗΣ  #Covid_19 #COVID19 #Corona #CoronavirusOutbreak #coronavirus… ,PANGKAKISTOS,
245,ΑΠΟ ΤΗΝ ΜΙΑ ΓΕΛΟΙΟΤΗΤΑ ΣΤΗΝ ΑΛΛΗ ...ΚΑΤΙ ΔΕΝ ΠΑΕΙ ΚΑΛΑ ΓΕΝΙΚΩΣ  #Covid_19 #COVID19 #Corona #CoronavirusOutbreak… ,PANGKAKISTOS,
246,"Τριπλή άνοδος σε #κρουσματα , θανάτους και διασωληνωμένους #coronavirus #COVID #COVID19 #κορονοϊός #ΕΟΔΥ",smaniatis1,"Gerakas, Athens, Greece"
247, Αβεβαιότητα για την διάρκεια του αποτελέσματος υπάρχει και για μετά τη 2η δόση όπως διαβάζω στον Π… ,spyros_dovas,Athens Greece
248,ΜΑΣ ΠΗΡΕ ΣΒΑΡΝΑ Ο ΚΟΡΩΝΑ ΙΟΣ....ΤΑΓΑΡΙΑ  #Covid_19 #COVID19 #Corona #CoronavirusOutbreak #coronavirus ,PANGKAKISTOS,
249,ΙΤΑΛΙΑ 15479 ΚΡΟΥΣΜΑΤΑ 353 ΘΑΝΑΤΟΙ ΜΕΓΑΛΗ ΑΝΟΔΟΣ ... #Covid_19 #COVID19 #Corona #CoronavirusOutbreak #coronavirus… ,PANGKAKISTOS,
250, ΦΛΕΓΕΤΑΙ Η ΗΠΕΙΡΟΣ ΚΑΤΙ ΔΕΝ ΠΑΕΙ ΚΑΛΑ ΓΙΑΤΙ ΣΙΩΠΟΥΝ ;;;;; #Covid_19 #COVID19 #Corona #CoronavirusOutbreak #coronavirus…,stathismt,κερκυρα
251,ΦΛΕΓΕΤΑΙ Η ΗΠΕΙΡΟΣ ΚΑΤΙ ΔΕΝ ΠΑΕΙ ΚΑΛΑ ΓΙΑΤΙ ΣΙΩΠΟΥΝ ;;;;; #Covid_19 #COVID19 #Corona #CoronavirusOutbreak… ,PANGKAKISTOS,
252,#COVID19greece #κορονοιος #coronavirus #Lockdown3 #κρουσματα#κορωνοιος #κορονοϊός #lockdown2021 #COVID19 #COVID… ,eretikos_gr,
253," Στην αρχη δεν ειχαν καν μασκες σπιτια τους , μετα απο ενα χορο εκατομμυριων παιζανε σποτακια πως να φτιαξουμε μασκες απο π…",NbcApocalyptic,United States-European Union
254," Οι νεκροί από Covid στις ΗΠΑ ξεπέρασαν το μισό εκατομμύριο. Για να καταλάβουμε το μέγεθος, κρατήστε ότι στις ΗΠΑ ο καρ…",GPerdikaris,"Jakarta, W. Java, Indonesia "
255, #Ισραήλ: Με πιστοποιητικό εμβολιασμού η είσοδος σε γυμναστήρια και πισίνες - Φυλακή όσοι το πλαστογραφήσουν   #COVID19 #…,MylwnaXrusa,Αθήνα κόρη του ουρανού!!!!!
256,#Ισραήλ: Με πιστοποιητικό εμβολιασμού η είσοδος σε γυμναστήρια και πισίνες - Φυλακή όσοι το πλαστογραφήσουν… ,bankingnewsgr,"Athens, Greece"
257,Ανατροπή για το #εμβόλιο Pfizer/BioNTech: Δεν χρειάζεται ψύξη στους -70°C λένε τώρα οι εταιρείες  #COVID19… ,bankingnewsgr,"Athens, Greece"
258, Έρευνα Πανεπιστημίου του Αμβούργου: Ενδείξεις ότι ο κορωνοϊός προήλθε από ατύχημα σε εργαστήριο #κορωνοϊός #COVID19 #co…,GPerdikaris,"Jakarta, W. Java, Indonesia "
259,Έρευνα Πανεπιστημίου του Αμβούργου: Ενδείξεις ότι ο κορωνοϊός προήλθε από ατύχημα σε εργαστήριο #κορωνοϊός… ,bankingnewsgr,"Athens, Greece"
260," Διαβάσατε τι παρατήρησε ο Jonathan ;Και, πιθανώς, την αιτία τών μεταλλάξεων τού coronavirus.Ποιές Αφρικές και κουραφέξαλα…",ky77733,Osaka City Japan 🇯🇵
261,Μεταμφιέστηκαν σε... γιαγιάδες και κατάφεραν να λάβουν την πρώτη δόση του εμβολίου κατά του κορωνοϊού  #COVID19… ,bankingnewsgr,"Athens, Greece"
262,ΕΛΒΕΤΙΑ ΣΗΜΕΡΑΚΡΟΥΣΜΑΤΑ 1021ΘΑΝΑΤΟΙ 10PCR TESTS 31027  #Covid_19 #COVID19 #Corona #CoronavirusOutbreak… ,PANGKAKISTOS,
263, Κάπως έτσι:,XyzContagion,Greece
264," Κορονοϊού στις ΗΠΑ(Εντάξει, αστείο ήταν) 😃",XyzContagion,Greece
265,Κορωνοϊός: Σήμερα η απόφαση για τη χρήση διπλής μάσκας – Που θα καθίσταται υποχρεωτική; #COVID19 #COVID19gr… ,TomorrowNEWS4,"Attiki, Greece"
266,Ο κορωνοϊός θα παραμείνει ανάμεσα μας – Τι συνεπάγεται αυτό για την υφήλιο; #coronavirus #COVID19 #Covid_19… ,reformer_gr,
267,  Ανέκδοτο (και λυπάμαι για τη λέξη)… ,k_farsalinos,ΕΛΛΑΣ
268,ΠΗΡΕ ΦΩΤΙΆ ΤΟ ΚΟΡΔΕΛΙΌ..  (και ο Εύοσμος) 🙄 #lockdown 🚫⛔🆘️ #coronavirus ☣,SakisVasilias,"Θεσσαλονίκη, Ελλάς"
269,Κορωνοϊός: Μεταλλάξεις και Αττική και φέρνουν παράταση του lockdown – «Παράθυρο» για το click away #COVID19… ,TomorrowNEWS4,"Attiki, Greece"
270,Θωμαΐδης: «Πιθανή η παράταση του lockdown για μία εβδομάδα»,newsbeast,"Athens, Greece"
271,Ο ιός δεν θα εξαφανιστεί έτσι απλά  #Germany #Coronavirus  ,Sigmalivecom,Cyprus
272,Έχω όρεξη να πιώ σήμερα...#fridaynight #fridaymood #coronavirus #COVID,itskordelakias,"Αττική, Ελλάς"
273,Βεβαίωση εμβολιασμού από σήμερα!#COVID19greece #κορονοιος #coronavirus #Lockdown3 #κρουσματα#κορωνοιος #κορονοϊός… ,eretikos_gr,
274,Γερμανική έρευνα: Ο #κορονοιος ενδέχεται να προήλθε από ατύχημα σε εργαστήριο της Ουχάν,newsbeast,"Athens, Greece"
275,Εντοπίστηκε νέο στέλεχος του κορονοϊού στην Ιαπωνία #COVID19greece #κορονοιος #coronavirus #Lockdown3 #κρουσματα… ,eretikos_gr,
276,Τζανάκης: «Δεν πρέπει να τελειώσει το lockdown πριν τις 10 Μάρτη»! video#COVID19greece #κορονοιος #coronavirus… ,eretikos_gr,
277,#COVID19greece #κορονοιος #coronavirus #Lockdown3 #κρουσματα#κορωνοιος #κορονοϊός #lockdown2021 #COVID19 #COVID… ,eretikos_gr,
278,#COVID19greece #κορονοιος #coronavirus #Lockdown3 #κρουσματα#κορωνοιος #κορονοϊός #lockdown2021 #COVID19 #COVID… ,eretikos_gr,
279,Γερμανική έρευνα: Ο κορονοϊός ενδέχεται να προήλθε από ατύχημα σε εργαστήριο της Ουχάν,nefeli16083957,
280,#COVID19greece #κορονοιος #coronavirus #Lockdown3 #κρουσματα#κορωνοιος #κορονοϊός #lockdown2021 #COVID19 #COVID… ,eretikos_gr,
281,#COVID19greece #κορονοιος #coronavirus #Lockdown3 #κρουσματα#κορωνοιος #κορονοϊός #lockdown2021 #COVID19 #COVID… ,eretikos_gr,
282,"Κάναμε τα πέντε, τέσσερα - που τα τραβάμε σε 3 διαφορετικές ώρες ΚΑΘΕ μέρα.Ενώ θα έπρεπε απλά να έχουμε ΕΝΑ dashb… ",herogrig,London
283,Ασφάλεια εμβολίων έναντι του SARS-CoV-2 #coronavirus #COVID #SARS_CoV_2 #vaccine #εμβολια  ,political_bank,
284,Νέα #παραλλαγή του κορονοϊού εντοπίστηκε στην #Ιαπωνία #coronavirus #COVIDー19 #κορονοϊός ,smaniatis1,"Gerakas, Athens, Greece"
285," Ούτε μονές, ούτε διπλές...  #κρουσματα #κορωνοιος  #COVID19 #coronavirus ",DimitrisKrantas,Μηχανιωνα
286,"Τι ισχύει με τη διπλή μάσκα: Πώς πρέπει να τη φοράμε, σε ποιες περιπτώσεις η μία είναι αρκετή#λοκνταουν… ",newsbeast,"Athens, Greece"
287,Ο κορoνοϊός θα παραμείνει ανάμεσα μας – Τι συνεπάγεται αυτό για όλους μας; | Capital  -Θα ζ… ,Manos81A,
288,: «Από σήμερα η βεβαίωση εμβολιασμού» – Όσα χρειάζεστε για έκδοση#εμβολιο #εμβολιασμος,newsbeast,"Athens, Greece"
289, Ένα δισ. #εμβολια  «καβάτζα» για τα πλούσια #κράτη#coronavirus #COVID19 ,corona_tweet,
290,Ένα δισ. #εμβολια  «καβάτζα» για τα πλούσια #κράτη#coronavirus #COVID19 ,smaniatis1,"Gerakas, Athens, Greece"
291," Διαβάσατε τι παρατήρησε ο Jonathan ;Και, πιθανώς, την αιτία τών μεταλλάξεων τού coronavirus.Ποιές Αφρικές και κουραφέξαλα…",elvis_perla,
292,"Ούτε μονές, ούτε διπλές...  #κρουσματα #κορωνοιος  #COVID19 #coronavirus ",karapanagiotidu," Μακεδονία, Ελλάς"
293,"  Τώρα παρακαλάμε τους κατασκευαστές, σε λίγο θα μας παρακαλούν αυτοί. Πιθανότατα θα εγκριθεί το… ",pirpirikos,Switzerland
294," Από τις 12-18 Φεβρουαρίου, δηλαδή μέσα σε 6 ημέρες,  καταγράφηκαν 558 κρούσματα κορωνοϊού σε άτομα ηλικίας μέχρι 17 ετώ…",skroutzaki,
295,"👉 Όλες οι τελευταίες εξελίξεις για την πορεία της πανδημίας στην χώρα μας, συνοπτικά και ουσιαστικά, σε ένα ακόμη ε… ",clipnewsgr,"Athens, Thessaloniki, Greece"
296,"Από τις 12-18 Φεβρουαρίου, δηλαδή μέσα σε 6 ημέρες,  καταγράφηκαν 558 κρούσματα κορωνοϊού σε άτομα ηλικίας μέχρι 17… ",til_kountouris,"Athens, Greece"
297,"Μην γκρινιάζετε για το ψύχος.Τα εμβόλια θέλουν""κατάψυξη""!🥶💉#εμβολια #εμβόλιο #BillGates #conspiracy #coronavirus… ",4Ff5XaGHurBTrsa,Ελλάς
298,"Στα 2,5 εκατομμύρια οι θάνατοι #Coronavirus",briefcy,Cyprus
299,Δεν θέλω να μας στεναχωρήσωαλλάμε 1400 κρούσματα και 80% πληρότηταστις ΜΕΘπάμε γιααυστηρότεροχειρότερο… ,_Erga_Omnes_,
300," Κυριακή 21/2/21, όλοι οι Ιουδαίοι του κόσμου καλούνται να προσευχηθούν για την εμφάνιση του #Μεσσία τους – VIDEO#fil…",liavern,"HELLAS, ATTIKI"
301,"Ιαπωνία: λόγω διαχείρισης covid19 το 2020, για α΄φορά σε 11 χρόνια, τα ποσοστά αυτοκτονιών αυξήθηκαν.Τον Οκτώβριο,… ",Pan_P_Maroudas,Zakynthos (Zante) - GREECE
302," Ιαπωνία: λόγω διαχείρισης covid19 το 2020, για α΄φορά σε 11 χρόνια, τα ποσοστά αυτοκτονιών αυξήθηκαν.Τον Οκτώβριο, το ποσοσ…",Kamaref,
303,"Διαβάσατε τι παρατήρησε ο Jonathan ;Και, πιθανώς, την αιτία τών μεταλλάξεων τού coronavirus.Ποιές Αφρικές και κ… ",outosego,
304,Κορωνοϊός: Καζάνι που «βράζει» η Αττική – Ποιες είναι οι κόκκινες περιοχές; #COVID19 #COVID19gr #COVID19greece… ,TomorrowNEWS4,"Attiki, Greece"
305,"Ιαπωνία: λόγω διαχείρισης covid19 το 2020, για α΄φορά σε 11 χρόνια, τα ποσοστά αυτοκτονιών αυξήθηκαν.Τον Οκτώβριο,… ",penny_rage,Αθήνα
306,"Πόσο δημοσιοσχετίστικα και υποκριτικά είναι αυτά?Είναι δυνατόν ο Πάπας να δωρίζει 600.000 μάσκες στην Κίνα, όταν ό… ",StavrosKyriazis,
307,"#Ιαπωνία:λόγω διαχείρισης #covid19 το 2020γι α΄φορά σ'11 χρόνια,τα % αυτοκτονιών αυξήθηκαν.Τον Οκτώβριο,το % αυτοκτ… ",dimpenewscom1,
308,"#Ιαπωνία:λόγω διαχείρισης #covid19 το 2020γι α΄φορά σ'11 χρόνια,τα % αυτοκτονιών αυξήθηκαν.Τον Οκτώβριο,το % αυτοκτ… ",dimpenewscom1,
309,"#Ιαπωνία:λόγω διαχείρισης #covid19 το 2020γι α΄φορά σ'11 χρόνια,τα % αυτοκτονιών αυξήθηκαν.Τον Οκτώβριο,το % αυτοκτ… ",dimpenewscom1,
310,"#Ιαπωνία:λόγω διαχείρισης #covid19 το 2020γι α΄φορά σ'11 χρόνια,τα % αυτοκτονιών αυξήθηκαν.Τον Οκτώβριο,το % αυτοκτ… ",dimpenewscom1,
311,#Βατικανό: Κινδυνεύουν να χάσουν τη δουλειά τους όσοι αρνηθούν το #εμβόλιο #κορωνοϊός #covid_19 #neueweltordnung… ,FiloiEsfigmenou,
312," Πώς λειτουργούν τα εμβόλια💉 mRNA❓✔️Περιέχουν μέρος των «οδηγιών» του ιού,✔️Επιτρέπουν στα κύτταρα του οργανισμού να παράγο…",arOY497Ri3HZx8c,"Λάρισα, Ελλάς"
313,"Ευρωπαϊκό Ινστιτούτο Βιοπληροφορικής: Δεν πρέπει να χαλαρώσουν τα μέτρα, οι μεταλλάξεις θα εκτοξεύσουν τα κρούσματα… ",bankingnewsgr,"Athens, Greece"
314,#COVID19greece #κορονοιος #coronavirus #Lockdown3 #κρουσματα#κορωνοιος #κορονοϊός #lockdown2021 #COVID19 #COVID… ,eretikos_gr,
315,Μετάλλαξη κορονοϊού: 281 νέα κρούσματα στην Ελλάδα – Πού καταγράφηκαν #COVID19greece #κορονοιος #coronavirus… ,eretikos_gr,
316,"Πάνω από 20,5 εκατομμύρια χρόνια ζωής έχουν χαθεί παγκοσμίως εξαιτίας της #COVID19greece #κορονοιος #coronavirus… ",eretikos_gr,
317,#COVID19greece #κορονοιος #coronavirus #Lockdown3 #κρουσματα#κορωνοιος #κορονοϊός #lockdown2021 #COVID19 #COVID… ,eretikos_gr,
318, Αλλά και εδώ  και σε ποσά αλλά άρθρα ακόμα. Έχουμε όλοι μας καλύτερα πράγματ… ,covid19gr,
319,  Πχ για την στατιστική που χρησιμοποιεί και την γενικότερη μεθοδολογία:… ,covid19gr,
320,ΠΟΤΕ ΘΑ ΛΗΞΟΥΝ ΤΑ ΛΟΚΝΤΑΟΥΝ ΚΙ Ο #coronavirus MAZI ,Anaktisis1,HOMO HOMINI LUPUS ! 
321,Κορωνοϊός - Έρευνα: Σε χειρότερη κατάσταση το 1/3 των Ελλήνων μετά την πανδημία #COVID19 #COVID19gr #COVID19greece… ,TomorrowNEWS4,"Attiki, Greece"
322,ΟΙ ΑΣΤΟΧΙΕΣ ΤΗΣ ΚΥΒΕΡΝΗΣΗΣ ΚΑΤΑΣΤΡΕΦΟΥΝ ΤΗΝ ΗΠΕΙΡΟ.ΑΝΑΣΤΑΤΩΣΗ ΣΤΑ ΙΩΑΝΝΙΝΑ ΜΕΤΑ ΤΙΣ ΔΗΛΩΣΕΙΣ ΤΟΥ ΠΕΡΙΦΕΡΕΙΑΡΧΗ ΓΙΑ… ,PANGKAKISTOS,
323, ΚΛΕΙΣΤΕ ΤΑ ΑΛΒΑΝΙΚΑ ΣΙΥΝΟΡΑ ΚΑΙ ΟΧΙ ΤΑ ΙΩΑΝΝΙΝΑ....  #Covid_19 #COVID19 #Corona #CoronavirusOutbreak #coronavirus https:…,PANGKAKISTOS,
324, ΕΧΕΤΕ ΑΠΟΡΙΕΣ ΓΙΑΤΙ ΕΧΟΥΜΕ ΠΟΛΛΑ ΚΡΟΥΣΜΑΤΑ ;;;;.#Covid_19 #COVID19 #Corona #CoronavirusOutbreak #coronavirus …,PANGKAKISTOS,
325,«Μάχη» στην Ε.Ε. για το πιστοποιητικό εμβολιασμού – Ποιες χώρες στηρίζουν την πρόταση του Κυριάκου Μητσοτάκη;… ,TomorrowNEWS4,"Attiki, Greece"
326, Η ΚΥΒΕΡΝΗΣΗ ΧΑΝΕΙ ΤΟ ΠΑΙΧΝΙΔΙ ΑΣΤΟΧΕΣ ΕΝΕΡΓΕΙΕΣ ΣΤΗΝ ΕΠΑΡΧΙΑ ΠΟΛΛΕΣ ΟΙ ΑΝΕΞΕΛΕΓΚΤΕΣ ΕΣΤΙΕΣ   #Covid_19 #COVID19 #Corona…,PANGKAKISTOS,
327,ΕΧΕΤΕ ΑΠΟΡΙΕΣ ΓΙΑΤΙ ΕΧΟΥΜΕ ΠΟΛΛΑ ΚΡΟΥΣΜΑΤΑ ;;;;.#Covid_19 #COVID19 #Corona #CoronavirusOutbreak #coronavirus ,PANGKAKISTOS,
328, ΟΙ ΑΛΒΑΝΟΙ ΚΟΚΚΙΝΗΣΑΝ ΤΑ ΙΩΑΝΝΙΝΑ.ΔΕΝ ΕΙΝΑΙ ΔΥΝΑΤΟΝ ΟΙ ΗΠΕΙΡΟΣ ΝΑ ΣΗΚΩΣΕΙ ΤΟ ΒΑΡΟΣ ΤΟΥ ΚΟΡΩΝΑ ΙΟΥ ΤΗΣ ΑΛΒΑΝΙΑΣ ΚΛΕΙΣΤΕ…,PANGKAKISTOS,
329,Η ΚΥΒΕΡΝΗΣΗ ΧΑΝΕΙ ΤΟ ΠΑΙΧΝΙΔΙ ΑΣΤΟΧΕΣ ΕΝΕΡΓΕΙΕΣ ΣΤΗΝ ΕΠΑΡΧΙΑ ΠΟΛΛΕΣ ΟΙ ΑΝΕΞΕΛΕΓΚΤΕΣ ΕΣΤΙΕΣ   #Covid_19 #COVID19… ,PANGKAKISTOS,
330,Κορωνοϊός: Άνοδος με 1.400 κρούσματα - Στην Αττική τα 687 #COVID19 #COVID19gr #COVID19greece #κορωνοιος… ,TomorrowNEWS4,"Attiki, Greece"
331,ΟΙ ΑΛΒΑΝΟΙ ΚΟΚΚΙΝΗΣΑΝ ΤΑ ΙΩΑΝΝΙΝΑ.ΔΕΝ ΕΙΝΑΙ ΔΥΝΑΤΟΝ ΟΙ ΗΠΕΙΡΟΣ ΝΑ ΣΗΚΩΣΕΙ ΤΟ ΒΑΡΟΣ ΤΟΥ ΚΟΡΩΝΑ ΙΟΥ ΤΗΣ ΑΛΒΑΝΙΑΣ Κ… ,PANGKAKISTOS,
332, Ρωσία - Κορωνοϊός: Ξεκίνησαν οι κλινικές δοκιμές του εμβολίου μιας δόσης Sputnik-light στη Μόσχα …,drRoquefort,
333,Ρωσία - Κορωνοϊός: Ξεκίνησαν οι κλινικές δοκιμές του εμβολίου μιας δόσης Sputnik-light στη Μόσχα… ,bankingnewsgr,"Athens, Greece"
334, Δυστυχώς οι περισσότεροι πολιτικοί δεν μπορούν αποδεχτούν την αλήθεια.Η J&amp;J  ανακοινώνει ότι θα δώσει πολύ λιγότερες δόσεις σ…,andriannie1,"Larissa, Greece"
335,ΚΛΕΙΣΤΕ ΤΑ ΑΛΒΑΝΙΚΑ ΣΙΥΝΟΡΑ ΚΑΙ ΟΧΙ ΤΑ ΙΩΑΝΝΙΝΑ....  #Covid_19 #COVID19 #Corona #CoronavirusOutbreak #coronavirus ,PANGKAKISTOS,
336,"Τετραψήφια ξανά τα #κρούσματα, νέα άνοδος στις διασωληνώσεις#κορονοϊός #coronavirus #COVID19  ",smaniatis1,"Gerakas, Athens, Greece"
337," Πώς λειτουργούν τα εμβόλια💉 mRNA❓✔️Περιέχουν μέρος των «οδηγιών» του ιού,✔️Επιτρέπουν στα κύτταρα του οργανισμού να παράγο…",Itsmecarlchill4,in your mom house
338, ΠΟΙΟΣ ΕΙΝΑΙ Ο ΑΝΕΓΚΕΦΑΛΟΣ ΕΓΚΕΦΑΛΟΣ ΠΟΥ ΕΔΩΣΕ ΕΝΤΟΛΗ ΔΙΑΚΟΜΙΔΗΣ ΑΣΘΕΝΩΝ ΑΠΟ ΤΗΝ ΑΛΒΑΝΙΑ ΣΤΑ ΝΟΣΟΚΟΜΕΙΑ ΙΩΑΝΝΙΝΩΝ ΚΑΤΑΜΕΤΡ…,PANGKAKISTOS,
339,😂🤣🤣🤣😂😂😂🤣ΠΟΣΟ ΧΑΊΡΟΜΑΙ ΠΟΥ ΝΟΜΊΖΕΤΕ ΌΤΙ ΠΡΟΣΤΑΤΕΥΕΣΤΕ😷🤡📺#μμε_ξεφτιλες #κορονοϊός#coronavirusΣΩΘΗΚΑΤΕ;;;; ΜΕ ΦΩΝΉ… ,theGreekoala,
340, Δυστυχώς οι περισσότεροι πολιτικοί δεν μπορούν αποδεχτούν την αλήθεια.Η J&amp;J  ανακοινώνει ότι θα δώσει πολύ λιγότερες δόσεις σ…,mary_i_c,"Macedonian, Ancient Macedonia, Greece"
341," 10 χώρες έχουν χορηγήσει το 75% όλων των εμβολίων κατά του κορονοϊού, ενώ περισσότερες από 130 χώρες δεν έχουν λάβει ούτε μί…",obsen8,
342," Δεν υπάρχουν άλλοι τρόποι αντιμετώπισης δυστυχώς. Όσοι σε αυτή την πανδημία δοκίμασαν... άλλες συνταγές, κατάλαβαν με το δ…",cyprus_reporter,Cyprus
343, O La Petit Koulis σε νεες περιπετειες διαφημισης της χωρας σου ...τραγί ! ,OTzagkas,"Κεντρική Μακεδονία, Ελλάς"
344," Δεν υπάρχουν άλλοι τρόποι αντιμετώπισης δυστυχώς. Όσοι σε αυτή την πανδημία δοκίμασαν... άλλες συνταγές, κατάλαβαν με το δ…",cyprusbiz,cyprus
345," 10 χώρες έχουν χορηγήσει το 75% όλων των εμβολίων κατά του κορονοϊού, ενώ περισσότερες από 130 χώρες δεν έχουν λάβει ούτε μί…",baphometx,Athens - Greece
346, Δυστυχώς οι περισσότεροι πολιτικοί δεν μπορούν αποδεχτούν την αλήθεια.Η J&amp;J  ανακοινώνει ότι θα δώσει πολύ λιγότερες δόσεις σ…,fudukis,
347,"Δεν υπάρχουν άλλοι τρόποι αντιμετώπισης δυστυχώς. Όσοι σε αυτή την πανδημία δοκίμασαν... άλλες συνταγές, κατάλαβαν… ",tsouroullis,Cyprus
348,«Ριχάρδος Β΄» απογυμνωμένος από κάθε εξουσία  #αρηςσερβεταλης #servetalis #εφημπιρμπα… ,naftemporikigr,"Athens, Greece"
349, Δυστυχώς οι περισσότεροι πολιτικοί δεν μπορούν αποδεχτούν την αλήθεια.Η J&amp;J  ανακοινώνει ότι θα δώσει πολύ λιγότερες δόσεις σ…,monahus,
350,Δυστυχώς οι περισσότεροι πολιτικοί δεν μπορούν αποδεχτούν την αλήθεια.Η J&amp;J  ανακοινώνει ότι θα δώσει πολύ λιγότερε… ,v_margar,Greece and U.S.A.
351,"rt : Η   εγκρίνει κρατικές ενισχύσεις ύψους 19,8 εκατομ. €  για τη στήριξη των ΚΤΕΛ στην Ελλ… ",edickomotini,"Komotini, GR"
352," Η   εγκρίνει κρατικές ενισχύσεις ύψους 19,8 εκατομ. €  για τη στήριξη των ΚΤΕΛ στην Ελλάδα🇬🇷ℹ️ …",edic_halkidiki,
353,EΛΒΕΤΙΑ ΣΗΜΕΡΑΚΡΟΥΣΜΑΤΑ 1219ΘΑΝΑΤΟΙ 62PCR TESTS 29234  #Covid_19 #COVID19 #Corona #CoronavirusOutbreak… ,PANGKAKISTOS,
354," Η   εγκρίνει κρατικές ενισχύσεις ύψους 19,8 εκατομ. €  για τη στήριξη των ΚΤΕΛ στην Ελλάδα🇬🇷ℹ️ …",Georgios_GM,"Athens, Greece (for now)"
355,"Η   εγκρίνει κρατικές ενισχύσεις ύψους 19,8 εκατομ. €  για τη στήριξη των ΚΤΕΛ στην Ελλάδα🇬🇷ℹ️… ",EEAthina,Αθήνα
356,Lockdown: Αυτό είναι το χρονοδιάγραμμα για την επιστροφή στην κανονικότητα – Τι θα συμβεί με το Πάσχα; #COVID19… ,TomorrowNEWS4,"Attiki, Greece"
357, ΤΕΛΙΚΑ ,disparkys,"Uppsala, Sverige"
358,TO ΚΑΚΟ ΝΕΟ ΤΗΣ ΗΜΕΡΑΣ ... #Covid_19 #COVID19 #Corona #CoronavirusOutbreak #coronavirus  ,PANGKAKISTOS,
359, ΠΟΛΛΕΣ ΧΩΡΕΣ ΚΑΤΑ ΤΗΝ ΔΙΑΡΚΕΙΑ ΤΗΣ ΠΑΝΔΗΜΙΑΣ ΕΧΟΥΝ ΔΕΧΤΕΙ ΑΣΘΕΝΕΙΣ ΑΠΟ ΑΛΛΕΣ ΧΩΡΕΣ ...ΑΛΛΑ ΧΩΡΙΣ ΝΑ ΒΑΖΟΥΝ ΣΕ ΚΙΝΔΥΝΟ ΤΟΥ…,PANGKAKISTOS,
360,Κορονοϊός: Αυτές είναι οι ηλικίες που «οδηγούν» την πανδημία #COVID19greece #κορονοιος #coronavirus #Lockdown3… ,eretikos_gr,
361,Κινητοποίηση ΠΟΕΔΗΝ στις 23 Φεβρουαρίου #COVID19greece #κορονοιος #coronavirus #Lockdown3 #κρουσματα#κορωνοιος… ,eretikos_gr,
362,#COVID19greece #κορονοιος #coronavirus #Lockdown3 #κρουσματα#κορωνοιος #κορονοϊός #lockdown2021 #COVID19 #COVID… ,eretikos_gr,
363,ΤΟΝ ΑΠΡΙΛΙΟ ΘΑ ΛΕΕΙ ΑΠΟ ΤΟΝ ΙΟΥΛΙΟ....ΣΑΣ ΕΧΟΥΜΕ ΒΑΡΕΘΕΙ ...  #Covid_19 #COVID19 #Corona #CoronavirusOutbreak… ,PANGKAKISTOS,
364, ΑΡΧΙΣΕ ΝΑ ΜΠΑΖΕΙ ΝΕΡΑ Η ΔΙΑΧΕΙΡΗΣΗ ΤΗΣ ΠΑΝΔΗΜΙΑΣ ΣΕ ΠΟΛΛΑ ΜΕΤΩΠΑ.Η ΚΑΤΑΣΤΑΣΗ ΕΧΕΙ ΞΕΦΥΓΕΙ ΛΟΓΩ ΔΙΑΚΟΜΙΔΩΝ ΑΣΘΕΝΩΝ ΑΠΟ Ο…,Gerasim73424653,"HELLAS , ΕΛΛΑΣ "
365,ΑΡΧΙΣΕ ΝΑ ΜΠΑΖΕΙ ΝΕΡΑ Η ΔΙΑΧΕΙΡΗΣΗ ΤΗΣ ΠΑΝΔΗΜΙΑΣ ΣΕ ΠΟΛΛΑ ΜΕΤΩΠΑ.Η ΚΑΤΑΣΤΑΣΗ ΕΧΕΙ ΞΕΦΥΓΕΙ ΛΟΓΩ ΔΙΑΚΟΜΙΔΩΝ ΑΣΘΕΝΩΝ… ,PANGKAKISTOS,
366, ΠΟΙΟΣ ΕΙΝΑΙ Ο ΑΝΕΓΚΕΦΑΛΟΣ ΕΓΚΕΦΑΛΟΣ ΠΟΥ ΕΔΩΣΕ ΕΝΤΟΛΗ ΔΙΑΚΟΜΙΔΗΣ ΑΣΘΕΝΩΝ ΑΠΟ ΤΗΝ ΑΛΒΑΝΙΑ ΣΤΑ ΝΟΣΟΚΟΜΕΙΑ ΙΩΑΝΝΙΝΩΝ ΚΑΤΑΜΕΤΡ…,Gerasim73424653,"HELLAS , ΕΛΛΑΣ "
367,Έχουν ήδη αρχίσει «τεχνικές συζητήσεις» μεταξύ Αθήνας και Λονδίνου #Coronavirus,briefcy,Cyprus
368,ΠΟΙΟΣ ΕΙΝΑΙ Ο ΑΝΕΓΚΕΦΑΛΟΣ ΕΓΚΕΦΑΛΟΣ ΠΟΥ ΕΔΩΣΕ ΕΝΤΟΛΗ ΔΙΑΚΟΜΙΔΗΣ ΑΣΘΕΝΩΝ ΑΠΟ ΤΗΝ ΑΛΒΑΝΙΑ ΣΤΑ ΝΟΣΟΚΟΜΕΙΑ ΙΩΑΝΝΙΝΩΝ ΚΑ… ,PANGKAKISTOS,
369,ΠΟΛΛΕΣ ΧΩΡΕΣ ΚΑΤΑ ΤΗΝ ΔΙΑΡΚΕΙΑ ΤΗΣ ΠΑΝΔΗΜΙΑΣ ΕΧΟΥΝ ΔΕΧΤΕΙ ΑΣΘΕΝΕΙΣ ΑΠΟ ΑΛΛΕΣ ΧΩΡΕΣ ...ΑΛΛΑ ΧΩΡΙΣ ΝΑ ΒΑΖΟΥΝ ΣΕ ΚΙΝΔΥ… ,PANGKAKISTOS,
370,Δεδομένα:- Θάνατοι #COVID19 ανά κρούσματα:- Θάνατοι ανά εκατομμύριο πληθυσμού και κρούσμ… ,XyzContagion,Greece
371,Η #AstraZeneca  σε... νέες περιπέτειες #εμβολιο #coronavirus ,smaniatis1,"Gerakas, Athens, Greece"
372,Κρούσματα κορονοϊού: Πιέζονται τα νοσοκομεία – Πόσες ΜΕΘ είναι ακόμη κενές#λοκνταουν3 #λοκνταουν #κορονοιος,newsbeast,"Athens, Greece"
373," 10 χώρες έχουν χορηγήσει το 75% όλων των εμβολίων κατά του κορονοϊού, ενώ περισσότερες από 130 χώρες δεν έχουν λάβει ούτε μί…",Billxan,
374,"10 χώρες έχουν χορηγήσει το 75% όλων των εμβολίων κατά του κορονοϊού, ενώ περισσότερες από 130 χώρες δεν έχουν λάβε… ",baphometx,Athens - Greece
375,Νέα μελέτη στο Nature: Η ασφάλεια των εμβολίων έναντι του SARS-CoV-2 | Capital  -… ,Manos81A,
376,"Συνεχής η άνοδος των διασωληνωμένων, οδηγεί σε παράταση του lockdown στην... | Capital  -… ",Manos81A,
377,"Στα 2,441,000 εκατομμύρια οι θάνατοι #Coronavirus",briefcy,Cyprus
378,Κορωνοϊός: Σταθεροποιείται το ιικό φορτίο - Ποιες περιοχές παραμένουν στο «κόκκινο»; #COVID19 #COVID19gr… ,TomorrowNEWS4,"Attiki, Greece"
379,  Ναι ΓΙΔΙ σε ακούμε προσεκτικά. Σε σύνολο 31 χωρών στη EEA &amp; UK έχουμε την 7η καλύτερη επίδοσ… ,psekasmenos_GR,Athens - London - New York
380,       … ,vas_fas,
381," Πώς λειτουργούν τα εμβόλια💉 mRNA❓✔️Περιέχουν μέρος των «οδηγιών» του ιού,✔️Επιτρέπουν στα κύτταρα του οργανισμού να παράγο…",KostasKranias,"Glyfada , Greece"
382,Άλλος ένας κουβάς του #Τσίπρας και του #ΣΥΡΙΖΑ Η #κυβερνηση_Μητσοτακη μας έχει μέσα στις πρώτες χώρες της Ευρώπη σ… ,Gl6cqrN2wZOtByZ,"Πελοπόννησος, Ελλάς"
383," Πώς λειτουργούν τα εμβόλια💉 mRNA❓✔️Περιέχουν μέρος των «οδηγιών» του ιού,✔️Επιτρέπουν στα κύτταρα του οργανισμού να παράγο…",gsnavara,Kiparissia  ELLAS
384," Πώς λειτουργούν τα εμβόλια💉 mRNA❓✔️Περιέχουν μέρος των «οδηγιών» του ιού,✔️Επιτρέπουν στα κύτταρα του οργανισμού να παράγο…",pediss,"Λάρισα, Ελλάς"
385, Επειδή τόλμησα να ανεβάσω τον παγκόσμιο  πίνακα με 186 χώρες για τον Covid-19 όπου  Ελλάδα κατέχει  τη 19η θέση σε θανά…,giannischa1951,Αιγάλεω
386,Δωρεάν πίτσα καφέ και γλυκά για όποιον κάνει το εμβόλιο στο Ισραήλ..  Ποτε δεν περίμενα πως η ατάκα «ήρθε η πίτσα»… ,89AdeG4pLXqwG0v,
387,Κρούσματα κορονοϊού στην Ιχθυόσκαλα Θεσσαλονίκης#COVID19greece #κορονοιος #coronavirus #Lockdown3 #κρουσματα… ,eretikos_gr,
388,"Εκτός από τις εκατοντάδες μεταλλάξεις του κορωνοϊού, εντοπίστηκε συνδυασμός δύο επικίνδυνων μεταλλάξεων, της βρεταν… ",Able_Archer_Cy,Cyprus
389,"Coronavirus &amp; Face Mask: Τι απίστευτο συμβαίνει με την υγρασία, μέσα από την μάσκα λόγω της αναπνοής!!… ",ChoremiPierre,
390,αν πρόσεξα καλά δεν μπήκαμε ποτέ στην 15νταδα και μπράβο μας παρά τις προσπάθειες που κάναμε #coronavirus ,Stravoxylo,
391, Επειδή τόλμησα να ανεβάσω τον παγκόσμιο  πίνακα με 186 χώρες για τον Covid-19 όπου  Ελλάδα κατέχει  τη 19η θέση σε θανά…,KappaTzou,
392, Επειδή τόλμησα να ανεβάσω τον παγκόσμιο  πίνακα με 186 χώρες για τον Covid-19 όπου  Ελλάδα κατέχει  τη 19η θέση σε θανά…,GG_TT13,
393, Επειδή τόλμησα να ανεβάσω τον παγκόσμιο  πίνακα με 186 χώρες για τον Covid-19 όπου  Ελλάδα κατέχει  τη 19η θέση σε θανά…,apneagr,Ελλάδα
394, Επειδή τόλμησα να ανεβάσω τον παγκόσμιο  πίνακα με 186 χώρες για τον Covid-19 όπου  Ελλάδα κατέχει  τη 19η θέση σε θανά…,bopper_dropper,
395,Τι ανέφερε η ισραηλινή HMO Maccabi που καλύπτει το ένα τέταρτο όλων των Ισραηλινών #Coronavirus,briefcy,Cyprus
396, Επειδή τόλμησα να ανεβάσω τον παγκόσμιο  πίνακα με 186 χώρες για τον Covid-19 όπου  Ελλάδα κατέχει  τη 19η θέση σε θανά…,some1fu,ici
397, Επειδή τόλμησα να ανεβάσω τον παγκόσμιο  πίνακα με 186 χώρες για τον Covid-19 όπου  Ελλάδα κατέχει  τη 19η θέση σε θανά…,MpolseNiki,κόκκινη ζώνη
398, Επειδή τόλμησα να ανεβάσω τον παγκόσμιο  πίνακα με 186 χώρες για τον Covid-19 όπου  Ελλάδα κατέχει  τη 19η θέση σε θανά…,Ronald_Soak,"Ankh-Morpork, Discworld "
399, Επειδή τόλμησα να ανεβάσω τον παγκόσμιο  πίνακα με 186 χώρες για τον Covid-19 όπου  Ελλάδα κατέχει  τη 19η θέση σε θανά…,thanasisnostimo,χαλανδρι
400, Επειδή τόλμησα να ανεβάσω τον παγκόσμιο  πίνακα με 186 χώρες για τον Covid-19 όπου  Ελλάδα κατέχει  τη 19η θέση σε θανά…,gdmn1973,"Gramos, Dytiki Makedonia"
401,Επειδή τόλμησα να ανεβάσω τον παγκόσμιο  πίνακα με 186 χώρες για τον Covid-19 όπου  Ελλάδα κατέχει  τη 19η θέση σε… ,SophiavsSophia,"Athens, Arcadia│Greece"
402,Σε πίεση το ΕΣΥ: Μόνο 22 κενές κλίνες ΜΕΘ Covid στην Αττική#COVID19greece #κορονοιος #coronavirus #Lockdown3… ,eretikos_gr,
403, COVID-19: Πώς επηρεάζουν οι περιορισμοί τη ζωή σας; Ολοκληρώστε και μοιραστείτε την έρευνα 8 του #iCARECOVID #international:…,angkassianos,"London, England"
404, Το ίδιο αποφάνθηκε και Ολλανδικό Δικαστήριο πριν λίγες μέρες με την κυβέρνηση εκεί να εφεσιβάλλει την απόφαση και η οποία εκ…,osr55blog,Nicosia /Cyprus
405,Σύγκρουση κυβέρνησης και αντιπολίτευσης με φόντο την κακοκαιρία – Τι καταλογίζουν στο Μαξίμου ΣΥΡΙΖΑ και ΚΙΝΑΛ;… ,TomorrowNEWS4,"Attiki, Greece"
406," Πώς λειτουργούν τα εμβόλια💉 mRNA❓✔️Περιέχουν μέρος των «οδηγιών» του ιού,✔️Επιτρέπουν στα κύτταρα του οργανισμού να παράγο…",Ary6Pirouz,
407, Έρχεται σκληρό lockdown σε Γιάννενα και ΚάλυμνοΠΡΙΝ ΝΑ ΜΑΣ ΕΝΗΜΕΡΩΣΟΥΝ ΑΠΟ ΠΟΥ ΠΡΟΕΡΧΟΝΤΑΙ ΤΑ ΚΡΟΥΣΜΑΤΑ ΣΤΟΝ ΝΟΜΟ ΙΩΑΝΝΙ…,PANGKAKISTOS,
408,Κορωνοϊός – Τουρισμός: «Πράσινο» φως για το πιστοποιητικό εμβολιασμού – Τι δήλωσε ο Χάρης Θεοχάρης #COVID19… ,TomorrowNEWS4,"Attiki, Greece"
409," Πώς λειτουργούν τα εμβόλια💉 mRNA❓✔️Περιέχουν μέρος των «οδηγιών» του ιού,✔️Επιτρέπουν στα κύτταρα του οργανισμού να παράγο…",Mourlia,"Ιωάννινα, Ελλάς"
410, ΘΕΡΙΖΕΙ ΣΤΑ ΙΩΑΝΝΙΝΑ Ο ΚΟΡΩΝΑ ;;;;ΠΟΣΑ ΕΙΝΑΙ ΤΑ ΚΡΟΥΣΜΑΤΑ ΣΤΙΣ ΔΟΜΕΣ ΜΕΤΑΝΑΣΤΩΝ ;;;;   #Covid_19 #COVID19 #Corona #Coron…,PANGKAKISTOS,
411, Γιατί δεν μένουν παγωμένα για πάντα έχουν συγκεκριμένες μερες.  ,HrissyD,Earth
412,Έρχεται σκληρό lockdown σε Γιάννενα και ΚάλυμνοΠΡΙΝ ΝΑ ΜΑΣ ΕΝΗΜΕΡΩΣΟΥΝ ΑΠΟ ΠΟΥ ΠΡΟΕΡΧΟΝΤΑΙ ΤΑ ΚΡΟΥΣΜΑΤΑ ΣΤΟΝ ΝΟΜΟ… ,PANGKAKISTOS,
413," Οι νεκροί από Covid στις ΗΠΑ ξεπέρασαν το μισό εκατομμύριο. Για να καταλάβουμε το μέγεθος, κρατήστε ότι στις ΗΠΑ ο καρ…",MonsieurObject,Somewhere over the rainbow
414,COVID-19: Πώς επηρεάζουν οι περιορισμοί τη ζωή σας; Ολοκληρώστε και μοιραστείτε την έρευνα 8 του #iCARECOVID… ,mbmc_cmcm,"Montreal, Canada"
415," Έχουν καταβληθεί όλα τα επιδόματα Ιαν 2021, εκτός ορισμένων εγκεκριμένων αιτήσεων για τις οποίες δεν έχει υποβληθεί Δή…",andrantoniou,
416, Ο Αντωνάκης και η Ελενίτσα πάνε για εμβόλιο | Ελευθερία Κόλλια   #COVIDVaccine #COVID19 #coronavirus…,paliakaravana59,"Attiki, Greece"
417," Οι νεκροί από Covid στις ΗΠΑ ξεπέρασαν το μισό εκατομμύριο. Για να καταλάβουμε το μέγεθος, κρατήστε ότι στις ΗΠΑ ο καρ…",KarmaKatna,
418," Οι νεκροί από Covid στις ΗΠΑ ξεπέρασαν το μισό εκατομμύριο. Για να καταλάβουμε το μέγεθος, κρατήστε ότι στις ΗΠΑ ο καρ…",PanosM_GR,Greece
419,"Οι νεκροί από Covid στις ΗΠΑ ξεπέρασαν το μισό εκατομμύριο. Για να καταλάβουμε το μέγεθος, κρατήστε ότι στις ΗΠΑ ο… ",tgeorgakopoulos,Athens
420,Ο Αντωνάκης και η Ελενίτσα πάνε για εμβόλιο | Ελευθερία Κόλλια   #COVIDVaccine #COVID19 #coronavirus #protagongr,protagongr,
421,Στα 755 τα ημερήσια κρούσματα κορωνοϊού - Στους 313 οι διασωληνωμένοι  #COVID19Vic #coronavirus #CoronaVaccine,bankingnewsgr,"Athens, Greece"
422,ΘΕΡΙΖΕΙ ΣΤΑ ΙΩΑΝΝΙΝΑ Ο ΚΟΡΩΝΑ ;;;;ΠΟΣΑ ΕΙΝΑΙ ΤΑ ΚΡΟΥΣΜΑΤΑ ΣΤΙΣ ΔΟΜΕΣ ΜΕΤΑΝΑΣΤΩΝ ;;;;   #Covid_19 #COVID19 #Corona… ,PANGKAKISTOS,
423,"Αισιοδοξία ΠΟΥ από επιβράδυνση πορείας Covid - Συμφωνία ΕΕ με Pfizer, Moderna για περισσότερα εμβόλια… ",bankingnewsgr,"Athens, Greece"
424,Κορωνοϊος: Νέα 755 κρούσματα - «Εκρηξη» στον αριθμό των διασωληνωμένων #COVID19 #COVID19gr #COVID19greece… ,TomorrowNEWS4,"Attiki, Greece"
425, ΕΛΒΕΤΙΑ ΣΗΜΕΡΑ ΚΡΟΥΣΜΑΤΑ 1253ΘΑΝΑΤΟΙ 22PCR TESTS 33449 #Covid_19 #COVID19 #Corona #CoronavirusOutbreak #coronavirus h…,PANGKAKISTOS,
426,Κορωνοϊός: Αίτηση για έγκριση του εμβολίου της κατέθεσε η Jhonson &amp; Jhonson #COVID19 #COVID19gr #COVID19greece… ,TomorrowNEWS4,"Attiki, Greece"
427,ΕΛΒΕΤΙΑ ΣΗΜΕΡΑ ΚΡΟΥΣΜΑΤΑ 1253ΘΑΝΑΤΟΙ 22PCR TESTS 33449 #Covid_19 #COVID19 #Corona #CoronavirusOutbreak… ,PANGKAKISTOS,
428,Μεξικό: Βοήθησε τον τουρισμό το ρίσκο με τον κορονοϊό;   #coronavirus #protagongr,protagongr,
429,"Ο Μηχανισμός Διευκόλυνση Ανάκτησης και Ανθεκτικότητας ύψους 672.5 δις ξεκινάει επίσημα αύριο, πράγμα που σημαίνει ό… ",jimrigas,"Athens, GR"
430, Το ίδιο αποφάνθηκε και Ολλανδικό Δικαστήριο πριν λίγες μέρες με την κυβέρνηση εκεί να εφεσιβάλλει την απόφαση και η οποία εκ…,tisScyllas,
431,Το ίδιο αποφάνθηκε και Ολλανδικό Δικαστήριο πριν λίγες μέρες με την κυβέρνηση εκεί να εφεσιβάλλει την απόφαση και η… ,osr55blog,Nicosia /Cyprus
432,Μεξικό: Βοήθησε τον τουρισμό το ρίσκο με τον κορονοϊό;   #Covid_19 #COVID19 #protagongr #coronavirus,protagongr,
433,ΑΓΑΠΗ ΚΑΙ ΦΩΣ: Τι θα έκανα εγώ σε περίπτωση προσβολής του CORONAV... ,LENABAXE,
434, Ματς όπως τα σημερινά θέλουμε να βλέπουμε!! Ισάξια! Να κρίνονται στο κλάσμα δευτερολέπτου! #coronavirus,krakrakrazw,
435,#Σεισμος στην #Κερκυρα: Συναγερμός στην Κέρκυρα: Νέο περιστατικό με πρόβλημα στα κάτω άκρα ύστερα από εμβολιασμό (v… ,kostisbitsios,Greece
436,ΔΕΝΤΡΟ &lt;&lt; Μαγκιά &gt;&gt;#COVID19 #κορωνοΐος #coronavirus#Ψεκασμένοι Vs #Μολυσμένοι #lockdown3 #RapidTest … ,SDXZV,HⲈRⲈⲦICⲀ FILOSOFIⲀ 
437," Έχουν καταβληθεί όλα τα επιδόματα Ιαν 2021, εκτός ορισμένων εγκεκριμένων αιτήσεων για τις οποίες δεν έχει υποβληθεί Δή…",GovCyprus,Cyprus
438,ΠΟΥ: Τα κρούσματα μειώθηκαν κατά 16% και οι θάνατοι κατά 10% #WHO #coronavirus ,briefcy,Cyprus
439,"Στα 110,035,633 τα κρούσματα κορωνοϊού παγκοσμίως #World #coronavirus ",briefcy,Cyprus
440," Έχουν καταβληθεί όλα τα επιδόματα Ιαν 2021, εκτός ορισμένων εγκεκριμένων αιτήσεων για τις οποίες δεν έχει υποβληθεί Δή…",LoukaPavlou,
441, Όταν τα μέτρα  δημόσιας υγείας λαμβάνονται χωρίς τη σωστή εκτίμηση των δεδομένων και κρατούν τόσο πολύ χρόνο θα υπάρξουν πολλ…,ssailorj,
442, Κορωνοϊός: Ανησυχία για την αύξηση του ιικού φορτίου της Θεσσαλονίκης - Αναλυτικά οι «κόκκινες» περιοχές #COVID19 #COVID…,corona_tweet,
443,Κορωνοϊός: Ανησυχία για την αύξηση του ιικού φορτίου της Θεσσαλονίκης - Αναλυτικά οι «κόκκινες» περιοχές #COVID19… ,TomorrowNEWS4,"Attiki, Greece"
444,Ο Όζι Όσμπορν εμβολιάστηκε κατά της Covid-19  #blacksabbath #ozzyosbourne #ozzy… ,naftemporikigr,"Athens, Greece"
445,Ματς όπως τα σημερινά θέλουμε να βλέπουμε!! Ισάξια! Να κρίνονται στο κλάσμα δευτερολέπτου! #coronavirus,Dpap92,
446,"Κορωνοϊός: Καλά νέα από τους εμβολιασμούς, αναπτύσσονται αντισώματα από την πρώτη δόση.#COVIDVaccine #vaccine… ",til_kountouris,"Athens, Greece"
447, Όταν τα μέτρα  δημόσιας υγείας λαμβάνονται χωρίς τη σωστή εκτίμηση των δεδομένων και κρατούν τόσο πολύ χρόνο θα υπάρξουν πολλ…,NHWDLlFuhcrxvqj,Ελλάς
448,S.O.S. εκπέμπουν τα νοσοκομεία της Αττικής: Μόλις 23 κλίνες είναι αυτή την στιγμή διαθέσιμες στα νοσοκομεία του Λε… ,til_kountouris,"Athens, Greece"
449," Γρίφος η περίπτωση της Ινδίας: Μειώνονται κρούσματα, θάνατοι από Covid 19 και οι ειδικοί δεν μπορούν να το... εξηγήσουν…",smkoulouri1,Greece 
450," Πώς λειτουργούν τα εμβόλια💉 mRNA❓✔️Περιέχουν μέρος των «οδηγιών» του ιού,✔️Επιτρέπουν στα κύτταρα του οργανισμού να παράγο…",_Asteriskos_,
451, ✨Καληνύχτα και όνειρα γλυκά!#Yunanca #Greek #Greece #yunanistan #Türkiye #Turkey #kıbrıs #κύπρος #cyprus #atina #ath…,Yachting_Greece,"Attiki, Greece"
452,✨Καληνύχτα και όνειρα γλυκά!#Yunanca #Greek #Greece #yunanistan #Türkiye #Turkey #kıbrıs #κύπρος #cyprus #atina… ,artemissgiorgio,
453, Όταν τα μέτρα  δημόσιας υγείας λαμβάνονται χωρίς τη σωστή εκτίμηση των δεδομένων και κρατούν τόσο πολύ χρόνο θα υπάρξουν πολλ…,Panagiotakapoia,
454,#vaccine#COVID19gr #coronavirus#εμβολια #εμβολιασμος #εμβολιασμοι Ικανοποίηση της Κομισιόν για την αίτηση να εγκ… ,hermesnewsgr,Ελλάς
455,Ελα σε παρακαλώ τώρα.....,AnAthenianToLDN,"London, England"
456," Έχουν καταβληθεί όλα τα επιδόματα Ιαν 2021, εκτός ορισμένων εγκεκριμένων αιτήσεων για τις οποίες δεν έχει υποβληθεί Δή…",sim010101,Cyprus 🇨🇾
457, ΑΡΧΙΣΕ ΤΗΝ ΑΝΤΕΠΙΘΕΣΗ Ο ΚΟΡΩΝΑ ΙΟΣ ΜΕ ΕΜΠΡΟΣΘΟΦΥΛΑΚΗ ΤΙΣ ΝΕΕΣ ΜΕΤΑΛΛΑΞΕΙΣ Κορωνοϊός: 1.121 νέα κρούσματα - 309 διασωληνωμ…,PANGKAKISTOS,
458,Πότε επιστρέφει «Το Πρωινό»; #toprwino #COVID19greece #κορονοιος #coronavirus #Lockdown3 #κρουσματα#κορωνοιος… ,eretikos_gr,
459,Παγκόσμιος Ιατρικός Σύλλογος: Να δοθεί δυνατότητα επιλογής εμβολίου για να εμβολιαστούν περισσότεροι… ,bankingnewsgr,"Athens, Greece"
460," Πώς λειτουργούν τα εμβόλια💉 mRNA❓✔️Περιέχουν μέρος των «οδηγιών» του ιού,✔️Επιτρέπουν στα κύτταρα του οργανισμού να παράγο…",MyAthina,Vrilissia - Greece
461,Ένας θάνατος και 23 νέα περιστατικά κορωνοϊού στα κατεχόμενα #coronavirus ,briefcy,Cyprus
462,Rapid Test (16/2): Εντοπίστηκαν 39 θετικά περιστατικά (ΠΙΝΑΚΑΣ) #Cyprus #coronavirus ,briefcy,Cyprus
463,"Γρίφος η περίπτωση της Ινδίας: Μειώνονται κρούσματα, θάνατοι από Covid 19 και οι ειδικοί δεν μπορούν να το... εξηγή… ",bankingnewsgr,"Athens, Greece"
464,«Ο Ντελιβεράς - στην εποχή του κορωνοϊού»  #zoumboulakisgalleries #kriezotou6 #artshop… ,naftemporikigr,"Athens, Greece"
465,Μετά το Γερμανικό Ανώτατο δικαστήριο και Ολλανδικό δικαστήριο έκρινε αντισυνταγματικό το lockdown...Η δικιά μας δικ… ,PanagiotisMylo6,
466,Κύπρος: Στους 86 οι νοσηλευόμενοι με κορωνοϊό / Σοβαρά οι 23 #Cyprus #coronavirus ,briefcy,Cyprus
467, Άρχισε η χαλάρωση των μέτρων στο #Ισραήλ - Το 43% των πολιτών έχει λάβει τουλάχιστον 1 δόση εμβολίου  #Covid_19 #corona…,fotis_vlioras,santorini
468,Κορωνοϊός / Κύπρος (16/2): 3 θάνατοι και 81 νέα κρούσματα #Cyprus #coronavirus ,briefcy,Cyprus
469,Άρχισε η χαλάρωση των μέτρων στο #Ισραήλ - Το 43% των πολιτών έχει λάβει τουλάχιστον 1 δόση εμβολίου  #Covid_19… ,bankingnewsgr,"Athens, Greece"
470,8 ιδέες για να μετατρέψεις το γραφείο του σπιτιού σου σε έναν πιο λειτουργικό χώρο ,OzonMagazine,"Athens, http://el.ozonweb.com/"
471,Η υγρασία της μάσκας μας προστατεύει από τον κορωνοϊό λένε οι ειδικοί #COVID19 #coronavirus #masks,bankingnewsgr,"Athens, Greece"
472,Κορωνοϊός: Νέα 1.121 κρούσματα - Στην Αττική τα 538 #COVID19 #COVID19gr #COVID19greece #κορωνοιος #lockdown2gr… ,TomorrowNEWS4,"Attiki, Greece"
473,Καλά γελάω... Εγκλωβισμενοι  άνθρωποι στα σπίτια τους λόγω χιονιοπτωσεων αλλά η αύξηση κρουσματων αύξηση... ΕΛΕΟΣ… ,chrysoulitsaa,
474,       Σε άλλες εξωτερικές ειδήσεις: ,GrTkonto,The Globe....
475,Αίτηση της #Johnson&amp;Johnson για έγκριση του εμβολίου της στην #ΕΕ #Εμβολιο #coronavirus #Covid_19 #COVID19  ,smaniatis1,"Gerakas, Athens, Greece"
476,Ελλάδα/Κορωνοϊός: 1.121 κρούσματα-309 διασωληνωμένοι-29 θάνατοι #Greece #Coronavirus ,briefcy,Cyprus
477,ΑΡΧΙΣΕ ΤΗΝ ΑΝΤΕΠΙΘΕΣΗ Ο ΚΟΡΩΝΑ ΙΟΣ ΜΕ ΕΜΠΡΟΣΘΟΦΥΛΑΚΗ ΤΙΣ ΝΕΕΣ ΜΕΤΑΛΛΑΞΕΙΣ Κορωνοϊός: 1.121 νέα κρούσματα - 309 διασ… ,PANGKAKISTOS,
478,#Θάσος: 25 παιδιά νοσούν από την μετάλλαξη του κορωνοϊού - Κλείσιμο των σχολείων ζητά ο δήμαρχος  #COVID19… ,bankingnewsgr,"Athens, Greece"
479,Johnson &amp; Johnson: Κατέθεσε αίτημα στον ΕΜΑ για έγκριση εμβολίου #coronavirus ,briefcy,Cyprus
480,ΚΟΥΒΑ ΣΗΜΕΡΑΚΡΟΥΣΜΑΤΑ 937ΘΑΝΑΤΟΙ 5ΤΕΣΤ 16274  #Covid_19 #COVID19 #Corona #CoronavirusOutbreak #coronavirus ,PANGKAKISTOS,
481,Ο 20ος θάνατος από Covid 19 στα κατεχόμενα #Coronavirus ,briefcy,Cyprus
482," Έχουν καταβληθεί όλα τα επιδόματα Ιαν 2021, εκτός ορισμένων εγκεκριμένων αιτήσεων για τις οποίες δεν έχει υποβληθεί Δή…",EkateriniL,Κύπρος
483, ΕΛΒΕΤΙΑ ΣΗΜΕΡΑ ΚΡΟΥΣΜΑΤΑ 1075ΘΑΝΑΤΟΙ 35ΤΕΣΤ 24140Η ΕΛΒΕΤΙΑ ΕΙΝΑΙ ΑΝΤΙΜΕΤΩΠΙΖΕΙ ΣΩΣΤΑ ΤΗΝ ΠΑΝΔΗΜΙΑ  #Covid_19 #COVID1…,PANGKAKISTOS,
484," Πώς λειτουργούν τα εμβόλια💉 mRNA❓✔️Περιέχουν μέρος των «οδηγιών» του ιού,✔️Επιτρέπουν στα κύτταρα του οργανισμού να παράγο…",kperantakos,
485,ΕΛΒΕΤΙΑ ΣΗΜΕΡΑ ΚΡΟΥΣΜΑΤΑ 1075ΘΑΝΑΤΟΙ 35ΤΕΣΤ 24140Η ΕΛΒΕΤΙΑ ΕΙΝΑΙ ΑΝΤΙΜΕΤΩΠΙΖΕΙ ΣΩΣΤΑ ΤΗΝ ΠΑΝΔΗΜΙΑ  #Covid_19… ,PANGKAKISTOS,
486,Γερμανία: Δωρεάν γρήγορα τεστ για όλους από 1η Μαρτίου #Germany #coronavirus ,briefcy,Cyprus
487," Έχουν καταβληθεί όλα τα επιδόματα Ιαν 2021, εκτός ορισμένων εγκεκριμένων αιτήσεων για τις οποίες δεν έχει υποβληθεί Δή…",mar_theodorou,
488, Βασιλακόπουλος: Λίγη προσοχή και αυτό θα είναι το τελευταίο #lockdown   #Covid_19 #COVID19gr #corona…,VjGQhWS2vjTe2j1,
489,Κορωνοϊός: Χαμόγελα για το χθεσινό ρεκόρ εμβολιασμών – Ποιοι έχουν προτεραιότητα στην συνέχεια; #COVID19 #COVID19gr… ,TomorrowNEWS4,"Attiki, Greece"
